id,start,first_token,end,status
65c4afd9-7f94-4d8b-9c22-69fc80feab66,47686.89,47687.625,47709.828,200
8f734481-ae75-4a35-badf-3ded693fe6fc,47709.89,47710.312,47733.156,200
a7696320-806f-46c1-a4ff-0440da30a4ae,47733.187,47733.734,47742.625,200
a73c3650-5827-45b5-8ccd-aeb891c24590,47742.64,47743.187,47766.031,200
b8f1517f-9588-44cc-a5d5-6136e24bbe12,47766.031,47766.593,47780.468,200
95273ec3-e425-4f4d-9427-aed30c8fd173,47780.484,47780.953,47782.796,200
65e8b644-029a-453f-8f99-d512fc4670e7,47782.796,47783.234,47806.546,200
00727298-b813-48a5-99ff-7d8c468c43c1,47806.546,47806.968,47830.765,200
a6e25bc7-0436-42d6-8178-2563239f25e7,47830.781,47831.25,47855.0,200
e9341ac2-869a-48c8-b523-8f662d10c581,47855.015,47855.5,47878.828,200
4841594d-5012-4d5e-8e9f-43e83a3b5ef8,47686.89,47687.609,47698.046,200
bbb4a241-c395-4848-90d4-5734b2707ee6,47698.046,47698.625,47708.671,200
4ea54ef9-6bdb-43a0-aff5-ae643d83878d,47708.671,47709.359,47730.984,200
3704b038-0beb-4971-aa4f-d75475018c15,47730.984,47731.453,47753.296,200
ab704d7d-46fa-4594-a7a6-63bd0267ba15,47753.312,47753.968,47777.015,200
d257d43d-fc86-4be4-b6cc-215e16d20866,47777.015,47777.671,47800.765,200
306c7039-a92f-4d2a-8233-7bbf7438704d,47800.765,47801.421,47824.812,200
4c707bb0-5e6f-4844-85f0-f8d5d6040e29,47824.828,47825.468,47848.89,200
b37d9ed7-5d75-4b51-996a-df22b2ed3734,47848.906,47849.531,47854.531,200
7bc294fa-ed53-4533-a81e-d22cbc5bdc50,47854.531,47855.0,47878.984,200
cec7eaf5-d495-43a1-8697-9f4a46b2fe13,47686.906,47687.625,47697.468,200
a3e87355-35e2-44a7-9552-7860d76f9adc,47697.468,47698.046,47719.703,200
8f06e799-88b7-499a-b952-092e00f8a359,47719.703,47720.296,47742.828,200
39e24fca-c717-4eb7-963c-7a972f61b606,47742.828,47743.375,47757.421,200
800a928a-aaad-48a5-b992-0a5d8482b0c9,47757.484,47757.906,47781.578,200
bcd12ea6-4d1b-42b6-aa30-c46a1ae84d17,47781.578,47781.953,47805.312,200
8a342ff7-2eb9-4ece-a4c7-60bbbae1ba1f,47805.312,47805.703,47829.515,200
df66cda0-d21e-419d-8bb3-d2dfe61fe02a,47829.531,47829.906,47853.609,200
812c0b0b-6cf0-4080-a1c5-bae393307270,47853.625,47854.062,47859.468,200
30f9bbfd-6a2c-49a2-afdf-3723d064d460,47859.468,47860.015,47884.093,200
4eb71ec0-2860-4bf4-a66c-c36b6181dde1,47686.89,47687.609,47709.828,200
0062e189-3677-43e4-9ba9-0769bb27f49b,47709.89,47710.312,47716.593,200
669b9479-8af7-439a-9d75-01b946fe612e,47716.593,47717.125,47721.437,200
2ee0974c-4c47-4b1e-8f32-b53033bcf288,47721.453,47722.062,47744.5,200
20763e04-0c5c-4b7c-8d7a-78037c1a8d73,47744.515,47745.062,47767.937,200
e6a18639-0a72-45ff-8dd4-a833501e3539,47767.953,47768.515,47791.968,200
c0f06fd9-b4e9-4182-bfe3-65a5dee4496c,47791.968,47792.515,47815.859,200
af1bbab2-9654-4d23-bc73-106df4483688,47815.859,47816.437,47840.296,200
6c44a1ac-ecb5-4a39-bf39-e78617008cd9,47840.312,47840.859,47864.718,200
998102ed-ab2d-4318-9098-073874e8425d,47864.718,47865.296,47889.406,200
80207c88-f0bc-42a4-9686-355cd6e46fdf,47686.906,47687.609,47709.843,200
8849f4d3-3f46-4055-9d83-c4fa4502ce46,47709.875,47710.203,47722.671,200
eb0cdaa3-465e-4530-9ea4-876c99faebd2,47722.687,47723.281,47745.64,200
a1c2e471-e271-43cb-99b2-fe4c734d7384,47745.64,47746.234,47758.578,200
d830a627-c057-456c-b413-df52f3a62d06,47758.593,47759.015,47782.64,200
8b6aa6aa-b17e-4146-8fd7-4d35d8a07d71,47782.64,47783.078,47798.203,200
a818e76e-6b1d-4c4a-b18a-6c95ab68e1d7,47798.203,47798.828,47822.234,200
b1966690-1f13-49c6-be3b-10f708f870a8,47822.25,47822.875,47846.375,200
f0c32cbd-6587-4852-a345-a0da900cf024,47846.375,47847.015,47870.781,200
f74ac81a-162e-43a2-b53b-b1b228a849ab,47870.781,47871.375,47895.531,200
c2eda1f8-3160-48b2-83f2-e0279afa3804,47686.89,47687.625,47697.265,200
5df00a4d-7014-4806-bc6a-560b38ca848d,47697.281,47697.843,47719.5,200
56c2969a-93ab-4a94-95a5-4610aa675f14,47719.5,47720.093,47742.625,200
688e3386-6819-4123-98c0-1543bc489c35,47742.64,47743.187,47758.031,200
e2253702-e0cc-4a0f-bd47-026943c3b985,47758.031,47758.437,47782.093,200
85bbc3cf-a771-4a79-9dec-f98c5b070859,47782.109,47782.484,47805.843,200
858c54d9-f11e-4219-ae8b-62e727e3a6c2,47805.843,47806.265,47830.046,200
0ddca63b-1cf8-4c35-87d9-aabd326ebb62,47830.062,47830.484,47854.218,200
c29d7922-0c3c-4fe3-bf06-cd160a432e77,47854.218,47854.687,47878.671,200
c0358932-1d53-46f3-aa6d-03ef7160dfe4,47878.671,47879.14,47895.734,200
47820a84-217f-4539-9702-b993e0c72ed7,47686.89,47687.625,47709.828,200
cec426d0-7e8b-413a-8bae-d6ae89aa87dd,47709.875,47710.203,47714.14,200
aabb6d9e-0989-4773-9577-d3ad55c2e488,47714.14,47714.609,47737.312,200
9484e489-f59a-405d-93c3-8fb9b6e240b8,47737.328,47737.812,47760.64,200
14e80c35-0a54-4000-9219-6526275d3a47,47760.656,47761.156,47784.718,200
ffbf897a-19b3-4faa-8b0e-7e78c506e11b,47784.734,47785.218,47808.515,200
b3857ed8-51f2-4a36-957e-d5c8b03d5e89,47808.515,47809.0,47832.875,200
e4bf9b4e-04b7-4d42-b890-7b418614af2d,47832.89,47833.39,47857.171,200
2c088b2b-5dd2-43be-bc84-75ae02f4e90a,47857.171,47857.687,47881.734,200
829bc3ee-85be-45a8-b6bc-967849414b8a,47881.75,47882.265,47896.937,200
3c285b05-e808-492a-8962-59b58ede1b63,47686.89,47687.625,47709.828,200
020a1989-6771-477b-b983-5a472be24709,47709.875,47710.203,47733.062,200
4212d2a4-7fc1-4373-b0ff-36c3f3595bbd,47733.078,47733.406,47756.203,200
a444e353-1fc5-4f32-bbf2-7e4e7878ac1d,47756.218,47756.671,47779.906,200
90c44515-05f6-44ed-8f65-eb5e6a2dcf4f,47779.906,47780.484,47803.64,200
afb60d37-c0c2-455b-a514-29cbfed1a7cf,47803.671,47804.234,47827.656,200
6f313586-aaa8-4597-8c1c-1a9beb5fb3c6,47827.656,47828.234,47840.468,200
5da8b0eb-baec-4f2b-8054-328ff07a4ecd,47840.484,47841.046,47864.906,200
4140e597-20d7-47e1-85d1-e457d833e640,47864.906,47865.468,47889.609,200
a05e14f2-62c0-40a0-89d0-a94ecc416d6f,47889.609,47890.187,47901.343,200
37c5a0b5-e0f8-45c2-a379-eebbfbfd2088,47686.89,47687.609,47709.828,200
3b576c59-bf76-4afe-9b44-4a4e0570fc55,47709.89,47710.312,47733.171,200
a865c85d-bd43-4240-acfd-c41279ca9e1f,47733.187,47733.734,47756.593,200
3ae3af86-69f3-414b-b61e-50c416dacd54,47756.625,47757.078,47762.953,200
a52653d5-0fd5-4756-85eb-0785b055cd09,47762.953,47763.468,47787.078,200
b67b1c30-9d3e-47d5-90dc-2935d6df9bab,47787.093,47787.593,47810.875,200
8e8c0d29-8ac6-44e8-99a8-c60f423eedc6,47810.875,47811.39,47828.75,200
9b79e894-2791-402b-a6ed-319c48327496,47828.75,47829.234,47852.796,200
3147aa42-8239-436b-be4b-7a4c25f258aa,47852.812,47853.312,47877.265,200
96462cb1-95bd-4303-8174-8382fae7eabd,47877.265,47877.718,47901.843,200
4a28f83c-1ba2-41f2-ada3-7369fd021de4,47686.89,47687.625,47705.093,200
78589b06-3ead-4c9f-a48a-c60270da36d1,47705.14,47705.781,47727.375,200
356a8245-2e09-4bbf-8bf3-fcbc25ef064f,47727.375,47728.031,47750.078,200
1b525798-7b01-4076-9490-6373ca80b68c,47750.078,47750.718,47773.75,200
9e3b4b45-c83f-47d9-a824-11c86ca70288,47773.75,47774.39,47797.562,200
0eb5d309-8f00-4d47-8e3a-97cc08f20dd6,47797.578,47798.203,47821.609,200
a5d4c519-8cdd-4199-b925-756ed52d9896,47821.609,47822.234,47845.75,200
f8ceab05-ee52-4a29-a73e-7810715c62d2,47845.75,47846.375,47853.609,200
d9cd51d7-225b-4536-abc4-114ff8797208,47853.625,47854.062,47878.046,200
841758c6-eb88-464d-8d06-49582869b232,47878.046,47878.515,47902.531,200
e0150ac6-42ff-420b-b262-6e50e84b6408,47686.89,47687.609,47709.828,200
a30ad00a-e3c4-4f1d-9c8c-3817fe532446,47709.875,47710.203,47719.5,200
10c863a1-5587-4b17-b646-f859c8cc4df4,47719.515,47720.093,47742.625,200
632770e7-3563-4e2d-8c21-7713547daad8,47742.64,47743.187,47761.625,200
e424bdda-fda7-4a6d-aa7d-225c1a8a57c6,47761.64,47762.14,47785.734,200
2175ab8c-d700-4ef0-95bf-d0e16f95beb3,47785.734,47786.234,47809.531,200
ac097768-5095-4e60-890a-48349ccbd83a,47809.531,47810.031,47833.906,200
f1345e93-3021-41ca-bbda-f074ab5a9bd0,47833.921,47834.421,47858.234,200
d5589130-3e8a-4e3f-a8fa-4ccb0c0efb5d,47858.25,47858.765,47878.5,200
12e184d0-1c5f-4472-8c5c-0a339f019ab0,47878.515,47878.984,47902.937,200
3f960adc-224f-4439-933b-40a1fd2347ba,47686.89,47687.625,47696.875,200
8a80c77a-f837-4b8f-bcdc-585c122033b6,47696.921,47697.468,47719.125,200
af688b03-dc70-4e49-a572-4c034211c05a,47719.125,47719.703,47742.265,200
f055237f-641b-41e8-be82-12ed1179c9bc,47742.265,47742.828,47765.656,200
f872e49e-1d79-4b2b-a1af-543fd9ea4fa4,47765.671,47766.218,47789.75,200
4bfb8be2-3861-4eb4-843d-6a8ed84e0f11,47789.75,47790.281,47813.562,200
d7a70224-4f98-417b-a56d-731a2a7d9915,47813.578,47814.125,47838.046,200
5c2f0b36-853b-422b-8b45-444c87f10b18,47838.062,47838.609,47862.484,200
0f251a81-4b8d-4951-a278-503dbf340416,47862.484,47863.031,47881.375,200
9e07518a-813e-4079-a62f-516e4ed19ad1,47881.437,47881.906,47905.531,200
25a4a73c-2464-469c-9c8f-365b6fdc52f6,47686.89,47687.625,47709.828,200
3827d795-9212-452c-a393-c969c758f379,47709.89,47710.312,47713.359,200
6e48f3bf-fbee-4a08-8098-771f91a661c0,47713.359,47713.812,47736.578,200
1fcff1cd-dc67-4bfb-bc8f-6fca5c7e0cc5,47736.578,47737.0,47759.875,200
5a719353-7eef-4b95-8f66-1a4f59ba32b4,47759.875,47760.328,47783.953,200
ed2cc332-0929-4ac1-b438-386c0899d9ac,47783.953,47784.89,47808.187,200
913e70ff-045b-4342-9179-0299fd055222,47808.187,47808.671,47832.531,200
52d6c32c-e3cc-47ed-bbb3-99a5b800a6eb,47832.546,47833.031,47856.828,200
fd40656f-61ea-4915-b6c0-e9b81998583c,47856.843,47857.359,47881.39,200
9c1f65c4-4f5a-4e64-a132-d3fd3218d73f,47881.437,47881.906,47905.515,200
f30831ff-ffcc-4b58-8c94-a7bae53a303f,47686.89,47687.609,47709.843,200
a7744d61-3547-49f7-b74a-e6f41725fcd0,47709.89,47710.312,47733.171,200
410387a9-bc17-4ad4-8c22-b2eb1466403a,47733.203,47733.734,47756.593,200
f6489c2b-a6a5-4593-8ffc-4cefc09905c9,47756.625,47757.078,47774.609,200
5e2111c7-4796-43e9-ad6f-b9f008e89edf,47774.625,47775.25,47785.562,200
6a7de26f-4bff-4eb5-a9af-27a27dd51d72,47785.578,47786.078,47809.359,200
078bc725-767a-4f9a-9066-d6de96f44617,47809.359,47809.859,47833.718,200
45c53c44-5836-48af-b369-34aed0c2c536,47833.734,47834.25,47858.062,200
8c8e75f3-71e5-45fb-9624-764781dea47f,47858.062,47858.578,47882.625,200
aa795c47-7760-42d5-90df-b5de3675d30d,47882.64,47883.171,47906.671,200
a989a954-0f2c-4861-9d70-514aae7ac4a5,47686.89,47687.39,47709.828,200
cab0d26a-29d0-495f-933c-22d8b7282b11,47709.89,47710.203,47733.078,200
71866d57-eacb-4fc8-9a4f-ae5ab061c3ea,47733.078,47733.484,47756.406,200
614f2e81-23bb-4b56-9c45-70367d2bb5ca,47756.406,47756.781,47780.109,200
0e5c254f-e7d6-4607-8dc7-53e1a586add4,47780.109,47780.671,47803.843,200
6aed0319-1a83-43da-8818-6190f264b2f9,47803.859,47804.437,47827.843,200
376c8ea5-884d-4cf6-9238-f49957659014,47827.843,47828.421,47851.859,200
21a277c7-60b1-4505-9533-316e1852c5a8,47851.859,47852.437,47858.765,200
63a95e85-b1d1-40ec-aa9b-99497b135f21,47858.765,47859.296,47883.359,200
77963cb4-26af-4c83-8e02-a03965713331,47883.375,47883.906,47907.343,200
36420a8e-7348-4a01-b19f-1afc250ded8f,47686.89,47687.609,47709.828,200
b2cf2d68-021b-48ce-9ba1-2b9a5b0b8479,47709.89,47710.312,47733.171,200
f94cf584-46d5-4e99-9d35-b9b170ad7fbf,47733.187,47733.734,47738.921,200
a8feafe7-18af-4276-a945-5d2ae4d7fc27,47738.937,47739.421,47762.296,200
01ebae3c-bc26-4798-8382-f31fedaaf244,47762.296,47762.796,47786.421,200
461f640f-5c9a-43cd-ba69-4fe734981d31,47786.421,47786.906,47810.203,200
777fca2f-42d0-4de6-9888-3d88155343a9,47810.203,47810.703,47834.609,200
5ec1aeca-c8e6-497d-992d-a325a7563c95,47834.609,47835.109,47858.937,200
eff6bfe0-9a26-48c4-a032-4e63be906d94,47858.953,47859.468,47883.562,200
a25a06a4-e9dd-43c6-a188-e462a27279e2,47883.562,47884.093,47907.515,200
b6e7e7d6-0644-4526-b34c-8599ad2769ea,47686.89,47687.39,47693.39,200
a5bd1cac-09a2-44f1-aa12-6b38dadd2c24,47693.406,47693.921,47715.718,200
ad67b4c8-6cb7-4197-8447-9575421bbf41,47715.718,47716.234,47738.937,200
2ba1adff-597d-4edf-9526-9f00991ba24b,47738.937,47739.421,47762.296,200
0e4248db-5c63-4662-bd78-342516963d3d,47762.296,47762.796,47786.421,200
bc246907-2229-46b7-9088-cbda4f934f78,47786.421,47786.921,47810.203,200
de2b89d2-3c71-4455-a70f-b44c54cdd597,47810.203,47810.703,47834.593,200
c45a6c85-ac1b-4e36-b3b2-0126b964969f,47834.609,47835.109,47858.937,200
4b89f345-e128-4bb2-b66d-2a8249645636,47858.953,47859.468,47883.562,200
3fbb3cda-8e10-45ab-bc6a-4392673feabe,47883.562,47884.093,47907.515,200
8f6b47da-bdd1-4df7-bf94-85250ec412be,47686.89,47687.609,47709.828,200
a76c85e4-3463-4142-87d1-84db4321f6fa,47709.875,47710.203,47729.39,200
cf833247-6f15-47cf-a036-23e0024c09b2,47729.406,47730.078,47751.984,200
a582ff3b-950e-462f-a909-4fb4e5d09711,47751.984,47752.64,47775.703,200
dd421b03-8529-43a7-9ab2-520234542341,47775.703,47776.359,47799.453,200
b3f08347-8b34-4d77-8314-5412452a1602,47799.453,47800.125,47823.515,200
f4db4b18-4f85-4604-a39f-d383da0d057f,47823.515,47824.171,47841.046,200
21305f01-9334-45af-ba56-2368e98133fc,47841.062,47841.625,47865.468,200
cb22ee35-a817-4b43-8000-3ce5be94e66c,47865.468,47866.046,47883.546,200
4e17a925-8890-4b5b-84f4-c6d7a6ebc148,47883.562,47884.093,47907.515,200
4687aee1-eb99-43a7-8846-33d20fd0a25e,47686.89,47687.609,47709.828,200
9ffa8432-e6a0-4189-a217-61d93cf34aaa,47709.89,47710.312,47733.187,200
bec647d9-1e14-43d5-aef4-55abb6755534,47733.203,47733.734,47756.593,200
646af115-c648-4fd1-96b0-34135a47db8d,47756.64,47757.078,47780.687,200
b699f301-3fc3-43c7-be1d-152ec5c3abfe,47780.718,47781.093,47801.203,200
abb35218-2d1a-497a-9ae6-199e772ffe8c,47801.203,47801.859,47825.265,200
385be413-ad52-45e6-beb4-5389b4932aa7,47825.265,47825.906,47849.328,200
65a0ffa0-58e6-43a8-8942-053a82fc33b3,47849.375,47849.953,47873.625,200
656d7eb5-0643-43b4-9c62-c2ccda1aaaef,47873.625,47874.25,47898.343,200
0a4a593e-b32f-41c0-88fd-d2c4bae09135,47898.359,47898.953,47908.187,200
67ac2998-b566-480c-ad26-1ce4e57c9d79,47686.89,47687.609,47702.109,200
5449cd07-957f-40f3-b9ba-e69a93afb7f0,47702.125,47702.75,47717.109,200
bdc4253b-eb8d-4c71-9ba7-446b3da267c0,47717.125,47717.64,47740.312,200
96370af6-4e5a-4d28-9de9-633b7aacc781,47740.312,47740.843,47763.656,200
d9d87cbc-0ba0-4f28-8de1-360a4baa6a5b,47763.656,47764.218,47787.781,200
e9f07ccf-ae71-4e7c-aca9-7e1119ce82f8,47787.781,47788.312,47811.562,200
16dadefb-4253-4301-a82f-ab1a2e094dda,47811.562,47812.109,47836.015,200
9ea81e23-afb7-42a1-9c8b-e05b5d4f225e,47836.015,47836.578,47860.39,200
3d42c588-83cb-424a-be9f-66aeb8725057,47860.39,47860.953,47885.031,200
c05b99e4-b607-4ae1-998a-6afdde5fa42c,47885.062,47885.593,47908.89,200
6a02c07d-b99a-42e9-8c47-41067c450343,47686.89,47687.625,47709.859,200
9556c0a6-528d-4bb0-864a-6c802c1b37f8,47709.89,47710.312,47733.156,200
da850c45-3c83-4cd6-b3e8-9a61304da1ed,47733.203,47733.734,47756.593,200
2c4baf37-65d7-4583-975f-6ba4ae1202ee,47756.625,47757.078,47780.671,200
659db0a1-1212-4d30-a256-b092974a1061,47780.703,47781.093,47800.109,200
3780398d-86aa-41c8-b003-a8e2e80dad82,47800.125,47800.765,47824.171,200
0039dbcd-cc8a-4948-a2e0-a378ad1ee2b2,47824.187,47824.812,47848.25,200
5024186a-ca3a-4ae5-b2cb-7524769c895e,47848.25,47848.89,47860.578,200
dc56f19d-990c-4674-b813-3c6f252a7edd,47860.578,47861.14,47885.218,200
0f652799-d91f-47a4-a5c5-53b195321b2c,47885.234,47885.781,47909.046,200
e3ec8c13-5706-4150-9469-88cd58243103,47686.89,47687.609,47709.828,200
f141e235-8371-4eb9-8f76-047c24e9809f,47709.875,47710.203,47733.046,200
8dc2727d-7155-4b57-a9ee-b1b7029c2466,47733.078,47733.484,47740.843,200
0ca1c8f8-5ae4-475b-b099-100139081a86,47740.843,47741.375,47764.218,200
4988f56a-3ca2-487f-9041-3cbc445f1380,47764.218,47764.75,47788.312,200
76d8ca6e-3570-4bcc-9fd9-921151c43375,47788.312,47788.843,47812.109,200
2eb540dd-76a0-4c37-a440-4af875f9a1d8,47812.125,47812.64,47836.562,200
a5eb04ae-3494-445a-abf6-51cd5a78586c,47836.578,47837.125,47860.953,200
ad4cccee-1680-46c9-a64f-2d27432a2973,47860.953,47861.531,47885.593,200
7e12ab68-d53b-4605-b8df-3dcf7f422953,47885.593,47886.171,47909.39,200
08460f72-5ff3-44fe-8a62-1a5fa15023da,47686.89,47687.171,47709.593,200
38432ac5-651a-486b-9303-b46618fc5451,47709.593,47709.984,47731.906,200
54dd20bb-14da-46c8-bf7c-13aa4f7e1fbd,47731.906,47732.609,47754.406,200
1c94af56-76ab-4a46-a11f-52be20fe1104,47754.406,47755.062,47778.14,200
7c84cfed-42a6-4ffd-9900-ef6379242caf,47778.14,47778.796,47801.859,200
7a5f0af2-f204-4036-948e-b1ffa65f8cf9,47801.859,47802.531,47825.906,200
25afc39b-5b87-4d55-9a0f-48862239c13c,47825.921,47826.546,47849.953,200
0963f4c3-5c4e-480d-a8c8-6b8172cd0213,47849.953,47850.593,47874.25,200
46c8492f-8840-4b72-92f3-4a68e468ca42,47874.25,47874.875,47898.937,200
3674513f-37fa-4734-bb56-3eee33c82178,47898.953,47899.656,47909.734,200
3b822115-3fe5-4482-9d17-d78ab29c00eb,47686.89,47687.625,47709.828,200
41d271bd-95d6-48d6-946a-3af29d62e7e5,47709.875,47710.203,47733.062,200
ba51d9fc-7502-4a9e-adf5-4ad635cc3a71,47733.078,47733.484,47756.406,200
c3aa1e53-9d0a-40f5-953d-3ae1969f2ebe,47756.406,47756.781,47780.093,200
133482b3-1ae6-4e95-a7a6-f087be27463b,47780.109,47780.671,47803.859,200
984307fe-679f-43b6-a4f8-20a319263650,47803.859,47804.437,47826.328,200
701d50f3-2aac-4f99-b843-080c9be28937,47826.343,47826.984,47850.39,200
c128282c-7126-4fa3-9ef7-ca0a83fe7753,47850.39,47851.015,47861.531,200
81d7e73a-e940-4adb-a217-4c76a793fa56,47861.531,47862.109,47886.171,200
94d3e1e4-4d1b-47e8-b1ab-43da510d5202,47886.171,47886.734,47909.906,200
da8b7e90-12a6-4669-985c-64677434c6d2,47686.89,47687.625,47709.828,200
07a56bf2-77c0-43da-9e25-b804308c51c7,47709.89,47710.312,47733.171,200
a42b7bf9-7595-46bb-ad16-1ef839ef0d6e,47733.203,47733.734,47756.609,200
bc924525-a37e-46a6-b35b-60249624136c,47756.625,47757.078,47780.671,200
357a794e-8321-4c32-972b-9c01a106a8b3,47780.718,47781.093,47804.421,200
ac4cc691-c66e-4aaf-89b6-a525e1c8c465,47804.453,47804.937,47812.843,200
280cbdd8-6940-4773-a076-b6c957c6898c,47812.843,47813.39,47837.312,200
c7e07dbf-f001-4a6b-b464-b6c1b45d863a,47837.328,47837.89,47861.718,200
db1dfc1e-2db1-4bed-b371-a08f914cf6d3,47861.718,47862.296,47886.359,200
ad5fa74c-065d-49a9-90af-ff988b44f292,47886.375,47886.921,47910.093,200
0bc7db78-2fd1-4ce2-b960-33b44571b323,47686.89,47687.609,47709.828,200
2e5c4431-60b0-4fb6-bd4b-ecaddf6edf78,47709.89,47710.312,47733.156,200
7ca416b2-2b1a-4c66-8406-7357eecb14c0,47733.187,47733.734,47756.593,200
4e559aed-1e28-44c8-987e-d1e0fcef804d,47756.625,47757.078,47780.687,200
a0407569-bd4a-47be-91c5-e03918d4311a,47780.703,47781.093,47795.078,200
37a8aafc-2fd0-4861-aa28-9c0f4398512e,47795.078,47795.687,47819.109,200
fcda733c-5ba1-4a7c-8961-670c54d34562,47819.156,47819.734,47843.359,200
f8e397d5-ebc7-4888-a11c-7cd3257a1289,47843.359,47843.921,47867.796,200
c6e5b6f2-e2e6-4dfd-845d-55c535718e30,47867.796,47868.39,47892.546,200
371385f1-c518-4329-924b-82b20f69e493,47892.546,47893.125,47910.078,200
f6f1dbd7-4e81-46e8-af56-3f30e7776715,47686.89,47687.625,47709.843,200
2fd45946-d6e2-427a-9b1f-ff1c4eefb686,47709.89,47710.312,47722.468,200
e5dec91c-9c4d-4a48-a192-1e0f254e9cb4,47722.468,47723.078,47745.453,200
f40c3beb-8041-4f87-bd22-90bd048a74c1,47745.453,47746.031,47768.906,200
1eaa6130-1dd3-4768-b698-fe4e35e41556,47768.921,47769.531,47792.906,200
bab4a703-f7e2-47bd-9fac-4a0d9529326f,47792.906,47793.468,47816.843,200
046e781b-e321-483a-801e-04ec61a3efb3,47816.843,47817.437,47837.515,200
9dd11e07-f6f6-4ca5-b079-4d663e35ae6e,47837.515,47838.046,47861.906,200
ebe3d6d9-7bed-4577-8d36-cb6450cfd6d0,47861.906,47862.484,47886.546,200
b595319d-3929-4f6f-a489-0a1f74487a23,47886.546,47887.109,47910.234,200
5a5550b5-ecce-4a85-9263-2353e74e26f2,47686.89,47687.39,47709.828,200
c45e49b9-0173-4498-833a-c3d2e2acca5f,47709.875,47710.203,47733.062,200
24d58e2d-b666-47d8-a770-26069e3597d9,47733.078,47733.406,47756.187,200
45ee8267-a526-491d-9b4e-756bbc1af99b,47756.218,47756.671,47779.906,200
89e6c935-d071-4714-96a9-37399a19471a,47779.921,47780.468,47803.64,200
41a504e8-05ac-4b9f-ab3e-caf0b7b5c888,47803.671,47804.234,47827.64,200
f79c8ffe-2bba-4e9d-bef8-5230624f427e,47827.656,47828.234,47837.671,200
484b57bd-cc46-406c-a626-cded732ba997,47837.687,47838.234,47862.093,200
e946d7da-37f9-4952-ad4c-7c04465f1fc3,47862.125,47862.656,47886.734,200
5ba54bb2-7ae8-487a-ae60-f60f970531ab,47886.734,47887.312,47910.406,200
3c4d49ae-194d-4d96-ace0-439e26f0b4b3,47686.89,47687.625,47709.828,200
cb763aa0-f639-4e7e-a4b3-8b58fa531c52,47709.875,47710.203,47718.921,200
533d4e57-1a42-415a-b360-a50f3f99386d,47718.921,47719.5,47742.093,200
ffaeab43-339f-458f-8684-c99bddd4612d,47742.093,47742.64,47765.468,200
d8ce20ce-64d1-401f-a85a-023a1412315c,47765.484,47766.015,47789.562,200
40443d92-a401-42b3-ba53-c7cb74466e46,47789.578,47790.093,47813.39,200
3be908b4-9f89-49b3-be37-7f32d93eac7a,47813.39,47813.937,47837.875,200
15cca081-02f3-4496-95cb-ef873fecc256,47837.89,47838.421,47862.296,200
193e0ca6-5cfd-470e-aa79-f6dcb0db8c44,47862.296,47862.843,47886.937,200
04d6f639-6a1e-417b-9f81-1cedb335ee34,47886.937,47887.5,47910.578,200
75ab63e0-a976-4879-9781-24c2df56342f,47686.89,47687.609,47709.343,200
5f9dd38d-8edd-4cd6-bd85-0f5168712b04,47709.375,47709.843,47731.687,200
88183ea0-07f1-4e46-94b0-24bb8a307f2f,47731.687,47732.375,47754.187,200
65ca7465-f508-4469-9b0a-f3c85f484ca3,47754.187,47754.843,47765.656,200
62d62287-8920-4de3-89e5-600a26550fe5,47765.671,47766.218,47789.562,200
34e50e27-22d8-4f89-9edc-8aba303af6a2,47789.578,47790.093,47813.39,200
0d65cf13-3dee-4011-996d-60403c2a3764,47813.39,47813.937,47837.89,200
973bfb64-f229-41a7-aa93-a581cb9e3b42,47837.89,47838.421,47862.296,200
6c5ec9f9-189e-4171-b2dc-d4542f8300c2,47862.296,47862.843,47886.921,200
f71a7ff0-6501-450e-8772-924bb30022d3,47886.937,47887.5,47910.578,200
eafcfb58-6e81-4c35-8e70-5dfe61c88e6a,47686.89,47687.625,47709.828,200
52bd259f-f7d9-46ba-b386-c60deca259d0,47709.875,47710.203,47733.078,200
a2aaaa28-8703-484d-b388-d04080d3eca6,47733.093,47733.484,47756.406,200
248fd152-3d51-4b5b-a5d6-4c433e53226b,47756.406,47756.781,47776.343,200
5fd1a9eb-5728-4c99-8bcf-527ddce50d73,47776.359,47777.015,47800.125,200
339a1c1e-2514-44f5-b827-cab1e3406fef,47800.125,47800.765,47824.187,200
150aff1f-4482-4441-8e0e-c05f01ccb5dc,47824.187,47824.812,47848.25,200
aa01a318-02b7-4d4a-8507-e40cc984cb66,47848.25,47848.89,47872.609,200
7a031883-1811-436c-a2a2-e9c378bb13a5,47872.609,47873.203,47897.343,200
5b02cc30-587b-4bf4-8641-fb6b868aa807,47897.343,47897.953,47910.578,200
8e652071-24b9-4a3f-aa19-9e0fe88770e1,47686.89,47687.609,47709.828,200
b7f11084-78b0-476c-80d0-2443c4cd0efb,47709.875,47710.203,47733.046,200
df5c913b-9819-4264-9a84-09336a8ffc98,47733.078,47733.484,47742.25,200
c18eef9e-4386-4dc3-bb78-de51ad56f39b,47742.265,47742.812,47765.656,200
2344e667-2e65-406f-80a0-c57a7a5520a8,47765.671,47766.218,47789.75,200
70383ebb-d9c1-4dd9-a7dd-d6d3d1581989,47789.75,47790.281,47813.562,200
c574d146-70c5-42a2-adf5-183c5cb554fe,47813.578,47814.125,47838.046,200
baf9b7fc-06f8-4501-acbb-d6fbd182c3a1,47838.046,47838.609,47862.484,200
45b04bf4-aa66-4088-be40-c55b5646383f,47862.484,47863.031,47887.109,200
06075de0-ff80-4557-b7c2-90b7622d2a85,47887.109,47887.687,47910.734,200
3c46480c-f511-4ae8-90b0-3f724841838e,47686.89,47687.625,47709.828,200
7195222d-6495-4882-bd21-764ab158c66f,47709.875,47710.203,47733.078,200
a9cb9a48-3bea-4622-ab28-fde875737d9d,47733.093,47733.484,47756.406,200
71d52482-b43c-48ec-8a35-e384be825e78,47756.406,47756.781,47780.109,200
997b3a3b-3ce2-4c35-85b4-bb37738f3dac,47780.109,47780.671,47803.843,200
238d0de2-4a49-43dd-a0af-39f01da81c63,47803.859,47804.437,47813.937,200
473ecb1a-90a0-4c95-9df5-f6b815eaa96e,47813.937,47814.5,47838.421,200
9f6dc5b6-042e-4e69-8775-68bb15c39996,47838.421,47838.984,47862.843,200
51d7cde9-138e-4448-974f-c5dd9756f7b2,47862.843,47863.39,47887.5,200
b40003a0-9fb5-4d6f-a46d-9c4a6da1fe37,47887.5,47888.062,47911.062,200
b74e9d1e-2cf2-4470-91e8-67844ad8e58e,47686.89,47687.625,47709.828,200
3dd04dcf-87e4-413f-9bcd-ef1d3ab1fedc,47709.89,47710.312,47733.187,200
c1f41491-26a0-483a-b6da-9903eb572dcf,47733.203,47733.734,47756.593,200
0d5862ba-7228-47d8-acf8-5db73f53265d,47756.625,47757.078,47766.984,200
dc48853f-a841-4049-8b1e-a0d2e52663ff,47766.984,47767.562,47791.031,200
606e7cca-e686-42ed-8709-a0cf67086582,47791.031,47791.593,47814.89,200
ee1b47cf-0a2b-478f-b8b2-4320281657e1,47814.89,47815.468,47839.343,200
e1e1c0ac-b4ca-45f6-9e02-0ea62e6ed79c,47839.343,47839.906,47863.765,200
061810ac-5a73-4ecd-9e72-16274be7dbc1,47863.781,47864.343,47888.453,200
057acde5-cb0a-4a98-99f1-52358385cb99,47888.453,47889.031,47911.875,200
ec3dcbef-b778-4d19-926a-b74473a03fbb,47686.89,47687.625,47709.828,200
853695fa-e410-4518-a1a9-569f9fb13fd5,47709.89,47710.312,47733.156,200
f1256cb0-ae33-4e39-87d8-1115c484545f,47733.203,47733.734,47756.593,200
e596231c-c1be-4c8b-b3cd-02438c7d58bc,47756.625,47757.078,47780.671,200
13823e10-4541-4b9e-bf48-ffbca2701129,47780.718,47781.093,47804.453,200
f517887c-ebed-429c-a72d-4de9f2e747eb,47804.453,47804.937,47828.625,200
fe92ed8a-7ce5-4152-86f9-a117b5a30aa8,47828.64,47829.234,47852.796,200
98f8972f-cef2-44fc-87cf-fcfafe2792ad,47852.812,47853.312,47877.265,200
6b77d200-62cc-4f07-9418-3d736d957537,47877.281,47877.718,47901.828,200
b16e6c46-3439-4307-a576-5a11bbe4040b,47901.843,47902.25,47912.218,200
a221986b-1e91-4c64-b71a-c224e6c6f76e,47686.89,47687.609,47709.843,200
511d8121-d059-4478-afce-c7c5321bb1d5,47709.875,47710.203,47721.64,200
71ac431c-1bfa-4a3a-97c5-954430b79024,47721.656,47722.265,47744.687,200
7b632b0e-5dfb-4a62-a692-47b9321972f4,47744.703,47745.265,47768.14,200
0f54e017-e1fa-469e-87a0-05bd695b2548,47768.14,47768.703,47792.14,200
e2fa69f8-dec7-4761-878e-690d7141637a,47792.14,47792.703,47816.046,200
352ead86-5caa-4b21-ba32-46ad4dd3c674,47816.046,47816.64,47840.484,200
2a571a4b-a431-4c0e-bfec-e7e5ee0cb4f8,47840.484,47841.046,47864.906,200
9ee01288-0383-4f81-9999-325a19b608ef,47864.906,47865.468,47889.609,200
75f4a824-3182-420b-b607-23534f541772,47889.609,47890.187,47912.875,200
c113b131-92a2-4183-a458-91886b29aba3,47686.89,47687.609,47709.843,200
1d22da1c-8572-4421-87c7-671d425081c4,47709.906,47710.312,47733.156,200
99f658dc-681f-4c68-b2c1-b6dcaa5a3a7a,47733.187,47733.734,47756.593,200
77550b71-3033-496f-9857-ed7d4f077d09,47756.625,47757.078,47780.671,200
d2baa5a7-7880-4d16-91a3-590f73bf7ba9,47780.703,47781.093,47804.437,200
0acbabd2-61d9-4359-927f-dad5e3b1e1dd,47804.453,47804.937,47828.625,200
701a1901-423d-4439-905c-0cd510819240,47828.64,47829.234,47840.859,200
3aff86df-eecc-4be6-89f6-8482ce3c23c9,47840.859,47841.437,47865.296,200
bb3f410a-6d49-44b0-91b7-6e44500c58b6,47865.296,47865.843,47889.984,200
c153d2be-88e6-4beb-bd01-aab031bd213b,47890.0,47890.578,47913.062,200
7c261386-761e-4d0e-838b-398bf1cb932d,47686.89,47687.625,47709.828,200
2d3be8fe-e724-4000-9ff2-74ce15d1460f,47709.89,47710.312,47733.171,200
00559477-d5b1-4196-8af9-ec1273393f77,47733.187,47733.734,47756.593,200
1694e40e-7256-496f-9ecd-857c7e08494f,47756.625,47756.953,47780.484,200
6055cb5d-b468-4877-955f-acc010f87db9,47780.484,47780.968,47804.234,200
5384a3bb-f85d-4850-a098-9505bb9ee2cd,47804.234,47804.656,47828.234,200
cce55fc7-e8a9-469b-89df-9e221e1ca795,47828.25,47828.75,47841.046,200
69151982-0c65-4fe7-a701-17846cfd5fbd,47841.046,47841.625,47865.468,200
dfbfb410-edef-44de-b6fa-de45c9ff10fa,47865.468,47866.046,47890.187,200
c751fd4f-d69f-44ad-954f-656f8dcb9593,47890.187,47890.765,47913.156,200
5dc0292c-41c2-4fe7-89a7-80618601edce,47686.89,47687.609,47709.828,200
7235c1e6-5c89-45e7-8f87-73868f5deb54,47709.89,47710.203,47733.046,200
80871994-7ac0-408a-9387-4da16188bb7e,47733.078,47733.406,47756.187,200
b6a5acbf-d088-4e88-b0d2-326e92fc4210,47756.218,47756.671,47779.906,200
02a24932-11f6-4631-a18f-1a29432a6694,47779.921,47780.484,47803.64,200
94068fda-5281-43c3-91cd-166c4ae4daca,47803.671,47804.234,47827.64,200
ae437526-3743-4d02-8ca8-1dbfa3c4188f,47827.656,47828.234,47851.671,200
cc320279-75b2-4cf7-a3c1-407cd6d22b67,47851.687,47852.234,47875.937,200
e3ec6053-9c45-4596-a6ad-ad550d2652c4,47875.953,47876.609,47890.75,200
226ad1e5-79ce-4407-9bae-67ae73d135de,47890.765,47891.359,47913.437,200
916cf49b-2b9a-401e-8e30-a0b9ab6d0a0d,47686.89,47687.625,47709.828,200
dcb487ee-f11d-4542-bf48-dec408b1109e,47709.875,47710.203,47733.062,200
095cafa1-b4e5-43bf-83f9-56ebaba4bcaf,47733.078,47733.484,47756.406,200
3fc7b711-c8f6-4ca6-8873-494e7b2b73d8,47756.406,47756.781,47780.093,200
7fbb5c56-5fa4-4802-a867-174cf91be875,47780.109,47780.671,47796.296,200
9d5db97f-56c1-4fdc-91d7-89f7cb14afff,47796.328,47796.921,47820.359,200
b09f2e65-8ca5-4f35-a285-63a434e9c29f,47820.359,47820.968,47841.796,200
dc125658-6ceb-4ce1-b6bd-d5533934ce91,47841.812,47842.375,47866.25,200
53069de4-ade8-4cf8-9b9e-a28571bcd1db,47866.25,47866.812,47890.953,200
55d27558-24fa-4322-86b4-7c47cd43382c,47890.968,47891.546,47913.531,200
ed42e130-881a-4121-85ad-19de0af446f9,47686.89,47687.609,47709.828,200
0f1b54af-de80-4a65-ae00-b586450866ec,47709.89,47710.312,47733.187,200
18226646-b831-4be4-bcfc-67e7cdcba5a6,47733.203,47733.734,47756.593,200
9353d228-0d3b-4b8b-a645-0e0f8613d876,47756.625,47757.078,47780.671,200
ae7f2def-3bab-45d5-9390-e2e7ec04c4e8,47780.703,47781.093,47804.437,200
531b1291-c0f6-4824-9a92-16da608db5ec,47804.453,47804.937,47828.625,200
fa1e60b1-92d9-47a4-a9f0-34f33e570ce2,47828.64,47829.234,47842.171,200
4752e6a9-a8bc-420f-ae1e-70a9333abe52,47842.171,47842.765,47866.625,200
3e1601d7-0946-46bb-bdc5-3f2b83151fb4,47866.625,47867.218,47891.359,200
8fffdd14-5555-4467-bcd8-66051f30a63a,47891.359,47891.953,47913.718,200
39c51818-97cd-4a47-9a43-ee88116ec1f4,47686.89,47687.625,47709.828,200
5eea6b42-bd64-4987-b5e3-1fb11a297913,47709.89,47710.203,47726.468,200
4782999e-9bfc-4bd1-a1c1-2bf81139d6e9,47726.531,47727.125,47749.218,200
fa0be527-3bcb-4f82-98e5-9d8b209d62af,47749.218,47749.875,47772.89,200
8d762f03-f4c2-46b1-b671-e098b4813d98,47772.89,47773.531,47796.718,200
28302f0c-a852-402f-aed4-4ffdc00a2917,47796.734,47797.343,47820.781,200
3833d803-7403-4419-93d8-a26c3970210f,47820.781,47821.406,47844.937,200
1bb84a5a-7086-4619-82f7-acda69182e20,47844.953,47845.546,47869.39,200
8b7b60ce-8b1a-4ef0-8cb0-13c2b6b684f3,47869.39,47869.984,47894.14,200
15fef4d3-24f0-4b7c-8622-b4182bf131dd,47894.14,47894.734,47913.89,200
1ef43605-df33-450b-8162-b91275cb7804,47686.89,47687.625,47709.828,200
031cf93b-47c4-4914-a144-dc0eeb4432a7,47709.89,47710.312,47733.187,200
13ca6f9c-a9dd-4d9d-b651-ce4c3bdc12fc,47733.203,47733.734,47756.593,200
d1595b81-b459-4203-a787-7bc436d2efeb,47756.64,47757.078,47780.671,200
16967f42-2f1e-4ac1-95a6-3fd400173eb4,47780.718,47781.093,47804.437,200
0d16c4a0-09a7-4825-8441-45663904d464,47804.453,47804.921,47828.625,200
46375583-4df3-4d53-b9c3-d54ccf58eb82,47828.64,47829.0,47852.609,200
919b69b8-78fd-4439-9b75-5d2edec885bd,47852.625,47853.062,47876.984,200
b5769bdb-9352-41a9-bec3-e629a882022a,47877.0,47877.406,47901.5,200
8269acda-27f9-4a3b-96f1-d9d5d8776aae,47901.515,47901.953,47914.0,200
813f8326-9e40-4931-ac32-597f3854aec6,47686.89,47687.609,47709.828,200
5f852947-f4b1-477b-9ab9-ff8ac418b7e9,47709.89,47710.312,47733.156,200
3d789a73-15f7-40a6-bc18-8fe028575d90,47733.187,47733.734,47756.625,200
63a9873c-48d3-4ec2-8773-d1423215f6ab,47756.64,47757.078,47780.671,200
72447f10-a36f-4c53-8981-f05abc65838a,47780.703,47781.093,47797.562,200
069562ac-0111-4945-b4f4-096ef5c6f246,47797.578,47798.203,47819.328,200
2ecb92fc-ded2-430f-9dc0-a3b4c3d93e55,47819.328,47819.937,47843.546,200
9445e76f-b582-4566-b1af-1ee6dafb33ec,47843.546,47844.125,47867.984,200
a13656ee-5b5a-449b-aa41-389ccc8495af,47868.0,47868.593,47892.75,200
221f559d-4c7e-4443-9344-5fe9bb83726b,47892.75,47893.343,47914.375,200
ddf93c06-9e71-4a10-a1e7-0fc624c68c5e,47686.89,47687.609,47709.828,200
285b9a06-8c5a-417a-9247-5ddf01df0e6e,47709.89,47710.203,47733.062,200
208571f2-8d36-4a5e-8d42-1bcbe6f74712,47733.078,47733.406,47756.187,200
f9d2cf36-3f03-4996-bc1c-37e2693e33b1,47756.218,47756.671,47779.906,200
dd2c873f-102a-4d72-b636-7e44a52a3424,47779.921,47780.484,47803.64,200
c9a6357d-2302-427b-bc92-b5ce5c3911b2,47803.671,47804.234,47827.64,200
68c4e6af-4ffb-43de-9892-a42501bb7a0b,47827.656,47828.234,47851.671,200
0fc3091b-6a9e-4f6b-8e39-e434337196f1,47851.687,47852.234,47875.953,200
05b1d8f5-e923-4601-87ae-2bba2ef17d12,47875.953,47876.609,47900.687,200
c0531f48-8695-4254-b4c7-8be421184c1c,47900.703,47901.343,47914.562,200
be800a41-3f83-4386-a027-2a47a9f82423,47686.89,47687.625,47709.828,200
88fcda76-6094-4a54-a1a5-745819e4801e,47709.89,47710.312,47733.156,200
317bd28c-09a1-4d56-b54c-5d05a388c46e,47733.203,47733.734,47756.609,200
ca5c9ec1-10d7-41ff-a9fc-b019a249aed7,47756.625,47757.078,47780.671,200
3541b3c1-48b6-4a8e-9a34-81b967d3a727,47780.703,47781.093,47804.437,200
c93176e9-fc3a-4807-b759-0f64bd95cfb2,47804.453,47804.937,47828.625,200
f78bee60-0a3d-4d29-be88-54faac82b665,47828.64,47829.234,47852.796,200
d038fe51-a947-48de-aa1b-444ec163524d,47852.812,47853.312,47877.265,200
e4f8cfa4-05cd-4501-ac0c-a4a725093cfa,47877.265,47877.718,47901.843,200
d84aed2c-cceb-44b6-a471-431e3479db13,47901.843,47902.25,47914.765,200
16ca252f-0a90-4762-b201-9b6a15376294,47686.89,47687.625,47709.843,200
4ebfa769-5e25-4141-9daf-f62c1c3ed4de,47709.89,47710.312,47733.187,200
df1593c3-8314-4cf6-907b-917b71fef6de,47733.203,47733.734,47748.406,200
9710d52a-aac2-4e57-8a21-4311ff35e0ed,47748.406,47749.031,47772.015,200
f9c444bd-ceb4-4750-bc11-20dd8964af93,47772.015,47772.656,47795.89,200
9b035cf5-6eb0-4a77-b83e-0efb41b8c8d4,47795.89,47796.5,47819.937,200
9e093668-4482-4617-a23b-0e678b099dbb,47819.937,47820.562,47844.125,200
1b30cb3b-0e1f-4c2b-8bc7-f04f13df8a4b,47844.125,47844.75,47868.578,200
681f4d2e-6b50-4b04-bf1f-64569bf34b31,47868.593,47869.187,47893.343,200
4ab716d3-62bf-4d1a-a580-cc8cbee55599,47893.343,47893.953,47914.859,200
0183e58e-aa25-4514-b559-74906630a9ee,47686.89,47687.39,47709.828,200
908595a1-badf-43f6-9226-02291a5f0116,47709.89,47710.312,47733.171,200
4bb48c6c-bb08-4fb1-aa73-c38d50160516,47733.203,47733.734,47753.078,200
13524605-9474-460c-bbdf-b3c96f1e3483,47753.109,47753.75,47776.796,200
1c66dfc1-d081-4896-83f7-d834ff674489,47776.812,47777.453,47800.546,200
6894d919-9d07-47cb-a2d4-2c43be280740,47800.562,47801.203,47824.593,200
992213e7-970d-4400-9336-50192aea4a35,47824.609,47825.25,47848.687,200
94321c7f-fb58-465b-9457-b1260cfa5e33,47848.687,47849.328,47873.0,200
63b7b7e7-0b8d-4908-862d-31d21eb7724e,47873.0,47873.625,47893.937,200
eb4a55a2-db09-4769-a6ed-1b6a0a0d90db,47893.953,47894.531,47915.125,200
fb17cc92-496f-40d6-bce4-2082e5f99761,47686.89,47687.609,47709.859,200
d952d210-4358-4482-98e6-3c4d45093f0d,47709.89,47710.312,47733.156,200
d9ee1071-b104-4375-bff0-6784872df320,47733.203,47733.734,47756.593,200
9d1e0561-8d62-481d-af8e-10e27572f183,47756.625,47757.078,47780.671,200
1d412557-cd84-4ab8-8cbe-6ee58649e6a0,47780.703,47781.093,47804.437,200
69333c83-964d-4089-8b1f-5deedd91d69e,47804.453,47804.906,47828.625,200
923d0239-bb8c-4fc3-8d44-46efa5c8ca92,47828.64,47829.234,47844.734,200
2815f7a1-eb15-43f1-b5e8-a0153008382c,47844.75,47845.343,47869.187,200
03111c27-7b1b-4af0-8813-fc23890fa539,47869.187,47869.781,47893.953,200
0bb427fa-ded6-47d0-9b07-99c30f09f85f,47893.953,47894.531,47915.125,200
7bfdbf45-605a-465d-a20d-9226abcfd0ef,47686.89,47687.609,47709.828,200
f2f61984-f7b0-4fba-a3ed-c5a264ed7ff6,47709.906,47710.312,47733.156,200
7b0c24bd-c8fe-4dc0-aeec-db70d56ccfbe,47733.187,47733.734,47756.609,200
a18ee0bb-1127-4f08-9dd1-5fd6bf0487f1,47756.625,47757.078,47780.671,200
9e387743-d106-4a3c-80b8-4c9b681bc9e3,47780.718,47781.093,47804.437,200
76368864-09f9-4e34-a0f5-ae29a807c67f,47804.453,47804.937,47828.625,200
aae628a1-e45f-42ea-931c-fd8ccc7cbf82,47828.64,47829.0,47844.953,200
022edf2f-00dc-4dfe-a255-d23151a4a716,47844.953,47845.562,47869.39,200
e67827ff-ea77-4c6f-98da-a1864a5c8ee5,47869.39,47869.984,47894.14,200
8014501f-ef8b-4416-a333-9d1f126f4f2d,47894.14,47894.734,47915.218,200
a715080d-0f67-41cf-a288-1488ffe103f2,47686.89,47687.625,47709.843,200
1616385b-ac81-4d0e-aea6-5e2f88d3a983,47709.89,47710.312,47733.156,200
81b0e556-fc63-4add-9117-0a3b0bd4d015,47733.187,47733.734,47756.593,200
68d2ab97-d04e-4c26-8234-e7abed78f9c2,47756.64,47757.078,47773.515,200
4e83ff67-cdc8-4405-9e6f-61a2b0236cc2,47773.531,47774.171,47797.359,200
a7e47346-04f2-4ee7-84e4-fc49f88c00da,47797.359,47797.984,47821.406,200
023ebade-d332-4f5f-aca9-5e22f8aa6d7e,47821.421,47822.031,47845.546,200
da40a985-b852-4692-b551-2b351be8c9d1,47845.562,47846.171,47869.968,200
92b2651c-4bd1-415f-87ce-1a361de912d0,47869.984,47870.578,47894.734,200
36e08357-75ef-4147-89ac-cd351b8f096a,47894.734,47895.343,47915.5,200
d18aa901-e20e-451a-a2e7-c3e04635e296,47686.89,47687.625,47709.828,200
325af0df-56fa-4747-9e8f-0389fb9eea62,47709.875,47710.203,47733.062,200
c46d02ba-1254-4c8b-be45-709f281dbdf3,47733.078,47733.406,47756.187,200
522cd644-0e2e-474e-85c6-0d42706dbc36,47756.218,47756.671,47779.906,200
d4688f55-5759-4494-bb3a-14dc597429fc,47779.906,47780.468,47803.64,200
2e09689f-5124-4068-90bc-da112a2c9932,47803.671,47804.234,47827.656,200
f4497517-0505-49b2-b45a-b8290aaf6d5d,47827.656,47828.234,47851.687,200
40f7acf1-ce47-4206-abbf-48826e489bbb,47851.687,47852.234,47875.953,200
1fb11f41-1978-4f7d-a932-435c22daf59e,47875.953,47876.609,47900.687,200
b79620d2-c6ad-400c-a21e-020e2cdf9b09,47900.703,47901.343,47915.484,200
6a3c98b3-a464-4514-889f-ad957142b81e,47686.89,47687.609,47709.828,200
2b25335f-5d62-41f2-96e7-8b44afff5496,47709.89,47710.312,47733.187,200
cae2bc69-03ff-4280-bfd5-e250d264faef,47733.203,47733.734,47756.593,200
53f16d5e-0f8d-471c-9d53-688da1bc849a,47756.625,47757.078,47780.671,200
3bc342e4-7b6c-4968-a7de-33887e2f9f68,47780.703,47781.093,47804.437,200
7d4ad838-9a1b-418a-ab28-3d68de6938f6,47804.453,47804.921,47828.625,200
867475f5-ed25-43f6-8ce0-c02639ddc28c,47828.64,47829.234,47852.796,200
72abc4cc-179e-4a82-aabc-c1bf550e24a5,47852.812,47853.312,47870.171,200
aff5dfc5-3fd5-429a-b966-23f895546185,47870.203,47870.781,47894.937,200
c2b0dbe2-cc2b-4e7e-93bc-3c76ce2f23d5,47894.937,47895.531,47915.578,200
9b904c89-91ed-4d56-b7b5-3760d1c45d15,47686.89,47687.609,47709.828,200
01e109f8-cea8-415e-ac01-85f71dc817dc,47709.859,47710.203,47733.078,200
ff757985-9644-40a1-a9d0-dcbe9485044d,47733.078,47733.406,47750.718,200
54277dc3-1e26-4bd4-ab07-5698e820cbf3,47750.718,47751.359,47774.39,200
2a183a70-62f7-42e4-93dc-75201889c56d,47774.39,47775.046,47798.203,200
cbd04a6b-e4b3-4cd7-b7ed-3954119b03d0,47798.203,47798.828,47822.234,200
dad21e3e-de8a-44d9-91b8-dc7a5e7cbfa6,47822.25,47822.875,47846.375,200
08261fde-384f-4a6d-bbb7-42a6a6082df2,47846.375,47847.015,47870.781,200
f47c290f-aafa-4083-9b48-22487de709ae,47870.781,47871.375,47895.531,200
bd12cc5d-7d7f-43b4-b29f-adcbd672c614,47895.531,47896.14,47915.843,200
cff093de-77fc-466c-b77b-7ce33621a6c2,47686.89,47687.609,47709.843,200
255a361c-323a-4315-90ae-b5b584e8ce74,47709.875,47710.203,47733.062,200
629894ab-3acb-40c6-981d-7ea17c8a3f16,47733.078,47733.484,47756.406,200
a72e937f-1480-433b-8a40-0c7a2a9b39f5,47756.406,47756.781,47780.109,200
28d70d09-46ce-4828-a336-04b34a81a738,47780.109,47780.671,47803.859,200
eec6a60a-2d7f-4ea0-99dc-44890a5989a4,47803.859,47804.437,47823.734,200
01320be2-2700-429c-8c3a-3e6271e10a7e,47823.734,47824.375,47847.843,200
524f6e39-8f7f-47a8-8b26-97797bebc0c9,47847.843,47848.468,47871.781,200
7e156ee4-f9d3-4b6e-973d-848a46acdeed,47871.796,47872.39,47896.531,200
a0ad9337-14d6-41e3-a960-caedf9b2728f,47896.546,47897.14,47916.296,200
a4577813-30f5-4276-9c50-6cc1da8fcc65,47686.89,47687.609,47709.828,200
dfcc604b-66cd-4ee0-88cd-5abc0b400d64,47709.89,47710.203,47733.078,200
4557ff5e-3ba2-4231-8929-9e47696ae12f,47733.078,47733.484,47756.406,200
ee39a1b2-052b-47cf-a381-8c09060cd25e,47756.406,47756.781,47780.093,200
64f7c60a-b6d7-41ac-876f-bf301765cea1,47780.109,47780.671,47803.843,200
6e317544-f82e-4975-887c-1cbb6ea828b9,47803.859,47804.437,47827.843,200
4779f528-eff2-44bf-9e4f-cd98b4994090,47827.843,47828.421,47847.843,200
aca13522-9701-4232-b8eb-b822960f85b3,47847.843,47848.468,47872.187,200
7cdd7906-ef43-412a-aca0-a55474cc8d8e,47872.203,47872.796,47896.937,200
3fcb2fb5-8dbd-4b30-a28e-b407ba6c0c2b,47896.953,47897.546,47916.484,200
63093fc1-18eb-4b4f-b731-2d55f247a325,47686.89,47687.625,47709.843,200
7550c0dc-fa33-4bec-8b78-735db062e155,47709.906,47710.312,47733.187,200
9e6ba082-d737-4d22-9107-5520ad9847d6,47733.203,47733.734,47756.625,200
574d74f5-cc2d-4cb0-8a5a-1abd4d6c6e06,47756.64,47757.078,47780.671,200
d552c49d-ed2b-4ad8-8bf0-4219ba892ad8,47780.718,47781.093,47804.437,200
6ab6c1cc-a040-4682-8040-9cd677b8a017,47804.453,47804.937,47828.625,200
cfbaeba9-8cdc-4281-b47f-3ee11dfe7d4c,47828.64,47829.0,47852.609,200
f792bf68-3d0d-48a2-ad3f-630fade91e0c,47852.625,47853.062,47876.984,200
7284fad7-9e45-42fe-8ac3-5bfb55d1ab4d,47877.0,47877.406,47901.5,200
1ba41bf2-23c9-41a0-ab0d-31d5694fdbe8,47901.515,47901.953,47916.656,200
8b75262e-c51c-4568-a83e-d074563cc8e4,47686.89,47687.625,47709.828,200
9d9dfe3c-e847-4b49-9012-8faa3b7a53f2,47709.89,47710.312,47733.156,200
aab030d7-bc34-4af3-9026-a881daa0870f,47733.187,47733.734,47754.406,200
ee75d092-a86b-4fc4-9c9e-d605053a650d,47754.406,47755.062,47778.14,200
dc3dc93f-1846-4084-8980-fcebe16a1844,47778.14,47778.796,47801.859,200
573e818d-2120-462b-b1d0-28a1f1b81f1c,47801.875,47802.531,47825.906,200
50c88fd1-530a-4967-ad53-1ba4863e52d9,47825.921,47826.546,47849.953,200
2a3f4f3c-4442-4a61-bb9a-ef8f554031d1,47849.953,47850.593,47874.25,200
4c0b0297-73ac-44ef-94c2-5169787d59b1,47874.25,47874.875,47898.953,200
21daa61d-f692-408b-80d2-4dca221b84dc,47898.953,47899.656,47917.39,200
74a0633d-158d-4735-89a5-d1d2177a3b75,47686.89,47687.609,47709.828,200
f1add0f4-dc30-407f-ad62-56e9cea3bd68,47709.875,47710.203,47733.046,200
27babeed-633e-4087-ae3d-3379b5c60a3d,47733.078,47733.406,47754.843,200
221f0532-093d-4657-b2bd-13207b74b2fa,47754.843,47755.5,47778.578,200
11dd8d87-55bc-422f-ac64-e17f4474f403,47778.578,47779.218,47802.312,200
d30efb78-9b88-4f80-bc06-b13f8a0a2d93,47802.312,47802.968,47826.343,200
3b9eb91a-4d0f-4f63-a358-8375f5fe1db1,47826.343,47826.984,47850.39,200
a4dcaa80-755e-4703-822c-fa2143808171,47850.39,47851.015,47874.656,200
62f39ad1-06f0-4755-9331-dea8dae1e6d8,47874.671,47875.296,47899.359,200
4fe37249-d7bd-4c62-bf4c-f5041cdd7f13,47899.359,47899.859,47917.484,200
1cb2d53f-cf1d-451d-8571-8bda65269914,47686.89,47687.39,47709.828,200
2233b3e1-ab8b-40cd-aab5-62567afa6cff,47709.89,47710.312,47733.171,200
2919d55d-d067-4850-b3f5-acb442f965bc,47733.203,47733.734,47756.593,200
6a4b66d7-169d-45f6-bc12-69a9ce5c020a,47756.64,47757.078,47780.687,200
3e3ba785-02e4-491d-a95b-f0f905f559c8,47780.703,47781.093,47804.437,200
b39f9f08-27ac-46a0-9a6f-c326add7d9a6,47804.453,47804.921,47828.625,200
5cb26e0e-e166-483f-a426-c4f1d6791b54,47828.64,47829.234,47852.796,200
01754ba0-8d6c-4e68-bcba-cc63069df602,47852.812,47853.312,47877.265,200
3f11d806-62f8-4cae-ba04-db8b3c9873cd,47877.281,47877.718,47900.062,200
7ded3dfa-1d01-467f-9472-82e72535d352,47900.093,47900.671,47917.843,200
c66a6df2-2c02-48f8-83b9-16c2b0a6c482,47686.906,47687.609,47709.859,200
a2fa194a-e987-45c5-b7b7-bbb49e5480ce,47709.89,47710.312,47733.156,200
a5e8cb4a-ae6b-420c-85df-2f5cbf1703d6,47733.187,47733.734,47756.609,200
09992b08-a66f-4da4-882f-1ba2b0e54b3b,47756.64,47757.078,47780.671,200
d5eca459-de90-42f0-b27e-339936a4808a,47780.703,47781.093,47803.406,200
689ab938-cca2-4b87-bb39-4db2e3d2e11c,47803.421,47804.031,47827.421,200
b4562489-916a-4904-bde7-502fdde05b0d,47827.421,47828.031,47851.437,200
26113d00-0e62-4cf2-ab18-8d30fb7bf45a,47851.453,47852.031,47875.718,200
f613bc75-d36b-4fee-b2fb-03a7e9e707b0,47875.734,47876.406,47900.484,200
1cf3ce25-8346-42ce-b580-cb3d81eb98aa,47900.484,47901.14,47918.031,200
b7135f76-180f-45c8-8b75-a226a8a6fc61,47686.89,47687.609,47709.828,200
7c2b3886-3ef9-4775-b96e-629012d2df43,47709.875,47710.203,47733.046,200
8e66ff32-923c-440d-bc6f-b5c38c90f20b,47733.078,47733.406,47756.203,200
b9052645-3305-48dd-af8e-5f967b657c8e,47756.218,47756.671,47779.921,200
869ca741-11d8-40ef-83b3-3ab3b4d29fbb,47779.921,47780.484,47803.656,200
5feef8ef-037d-4619-a892-4861b9c2c70f,47803.671,47804.234,47827.64,200
a140071d-657c-4899-9c72-603f62ac890f,47827.656,47828.234,47851.671,200
89fd0c12-b3d4-4012-89d1-8c083ef555a7,47851.687,47852.234,47875.953,200
54738394-f333-46d5-8dcf-c0400d00636e,47875.953,47876.609,47900.687,200
2d9227e6-7e6a-458a-a36d-6703845f0826,47900.703,47901.343,47918.125,200
c11e58c9-7a9c-45f5-8ef0-d7ca5ef00a79,47686.89,47687.609,47709.828,200
fb2ec84f-69b4-4343-8d59-b6c19b820c05,47709.859,47710.203,47733.078,200
65feb41c-e089-4486-98ac-21fb05022d40,47733.078,47733.484,47756.406,200
59f01712-c6c5-4396-b6a7-199b23f67d77,47756.406,47756.781,47780.093,200
20abec1d-7378-478e-aa92-4573128efa24,47780.109,47780.671,47803.843,200
bf17a647-6c8b-4f3e-b7c3-b61d95dbee62,47803.859,47804.437,47827.843,200
6e862dee-6a17-4d9c-8863-27473132289a,47827.843,47828.421,47851.859,200
4ad19fea-7d2e-4fd0-ad90-62c8bb80be30,47851.859,47852.437,47876.109,200
711c137b-3815-497d-ad5b-94d02efb5033,47876.125,47876.609,47900.687,200
9a2ee21c-1982-44bf-a3f7-0d9ec39efdba,47900.703,47901.343,47918.125,200
1c0a124e-0a69-4293-97a1-05807363ba33,47686.906,47687.609,47709.843,200
e71a73b9-caf5-43e2-b1cd-3f5c0d363028,47709.89,47710.203,47733.046,200
a857fb57-c7ac-4743-9d2b-333c39d8fbae,47733.078,47733.406,47756.203,200
67349be4-74c0-46d7-acfd-c65abddcbef0,47756.218,47756.671,47779.906,200
5d810519-b985-44b4-af3a-f4db038fee24,47779.921,47780.484,47803.656,200
4c8b5d85-dc4e-427d-81db-77a692ef9fed,47803.671,47804.234,47827.64,200
7f93eaf8-f535-4a56-b9ef-de8ef91bae1c,47827.656,47828.234,47851.671,200
5bdade77-88c3-46bb-8a3b-b0e4f90f26be,47851.687,47852.234,47875.937,200
fb159df1-691a-4838-bec2-68723e66f1bd,47875.953,47876.609,47900.687,200
c498a5d9-a1b8-4434-af4c-2d8965e9a740,47900.703,47901.343,47918.125,200
a217bfbe-77d7-4bbf-8640-96c1d1f7662d,47686.89,47687.39,47709.828,200
4445b155-4040-497e-a5b6-e5e2c1167400,47709.875,47710.203,47733.062,200
22f6e1c6-4832-41fc-8ec4-8cfeda1ac107,47733.078,47733.406,47756.203,200
aaaaf1d3-8c3f-44cf-8557-1bf4b0ae659d,47756.218,47756.671,47779.906,200
f49d5657-d931-44d9-ae8a-f0b12602b542,47779.921,47780.484,47803.64,200
1e6e457a-a34e-4989-9e28-4803473134d9,47803.671,47804.234,47827.64,200
969a6fcf-5590-40a7-9a4b-10c341d50578,47827.656,47828.234,47851.671,200
2b650e78-628f-4164-b64f-bf310572ce3c,47851.687,47852.234,47875.937,200
2532a1e3-0d71-4acb-98ad-6346058c2886,47875.953,47876.609,47900.687,200
cb91f26b-11f8-4288-ad38-5e4f451c3f75,47900.703,47901.343,47918.125,200
51c2dc61-9548-4495-bdba-255f23f71fe7,47686.89,47687.609,47709.828,200
f72a9198-9660-43e6-b67e-de56b9e29b6b,47709.875,47710.203,47733.062,200
e741dac5-7fe3-44a2-b039-15f8c6906db7,47733.078,47733.406,47756.203,200
6100868b-9e84-442d-a238-5ab16ebdef6a,47756.218,47756.671,47779.906,200
f72f507d-7357-41e7-8abf-969690f7d3f4,47779.921,47780.484,47803.64,200
65f8fd97-9009-4d88-8314-a9366859740f,47803.671,47804.234,47827.64,200
fc22adfe-d873-4393-bbf1-d17599cfd2a6,47827.656,47828.234,47851.671,200
4485c157-b778-4bad-8f8b-42da2e40d849,47851.687,47852.234,47875.953,200
504602a3-405d-40f0-911c-2c722a7c484c,47875.953,47876.609,47900.687,200
02daf25a-ae75-4208-84cf-32ec17756775,47900.703,47901.343,47918.125,200
913cf3ca-a996-4a37-96e6-84372b17cf17,47686.89,47687.609,47709.859,200
163271d7-7911-466a-84e6-1be0b4a49ce6,47709.906,47710.312,47733.171,200
1cb2c189-6114-4707-a27d-2402f65cc539,47733.187,47733.734,47756.593,200
961cbed3-aaa1-4498-a2e0-33c03f66206f,47756.625,47757.078,47779.906,200
e0864359-d62f-4d41-b466-a280c9bc125a,47779.921,47780.468,47803.64,200
fa2f943f-7acb-4235-8a56-0d866d35c6b7,47803.671,47804.234,47827.64,200
7300f7e2-cd4b-4d29-aea0-ba82d14f6d5a,47827.656,47828.234,47851.671,200
faaf2b03-573a-47f1-9d49-a7fe7a9e1fce,47851.687,47852.234,47875.953,200
6b75aab9-c805-4cdd-9d48-9265b7fd0111,47875.953,47876.609,47900.687,200
cd7082d8-e713-4c99-acb0-d82ed91090ff,47900.703,47901.343,47918.125,200
8c431892-24f4-4b5e-84bd-87bdf740bba7,47686.89,47687.625,47709.843,200
ef6e6305-d481-4a4e-b8aa-1b827717462c,47709.875,47710.203,47733.078,200
be28c1b1-8c15-48eb-bc6c-1b8c9f5093e9,47733.078,47733.406,47756.187,200
1bdf8d46-0e73-4ae3-ad1e-2392c27548bd,47756.218,47756.671,47779.89,200
6b0bbef9-a004-4339-9c69-9d270e435035,47779.906,47780.468,47803.64,200
73929954-fec8-4259-bc32-f570f2f9d888,47803.671,47804.234,47827.64,200
ecba0434-8f92-40cb-9714-0bea41de4192,47827.656,47828.234,47851.671,200
0f78c737-150e-4633-8fd1-014ba86b3ae3,47851.687,47852.234,47875.937,200
ead5b457-6219-44cc-ae8d-846710b557b9,47875.953,47876.609,47900.687,200
a44c6311-4a26-4466-9795-b5aa6b2a1545,47900.703,47901.343,47918.125,200
f1e02462-85ab-4e29-8a1e-68e96a25866d,47686.89,47687.609,47709.828,200
4a2e78bf-163d-4d14-b635-827f315a7d14,47709.875,47710.203,47733.046,200
8e604d91-2130-4446-b6e0-102c074def0b,47733.078,47733.406,47756.187,200
e3a14004-a725-4014-a6d7-ffe2375e4910,47756.218,47756.671,47779.906,200
6693df1c-5c51-4eb8-b15e-30063212d555,47779.921,47780.484,47803.656,200
eb400197-1f8e-42d1-9e30-137346dcaff7,47803.671,47804.234,47827.64,200
aff3eb0a-8ebc-477b-9410-e465e063e8dd,47827.656,47828.234,47851.671,200
6cd5bc4d-5f60-4334-a90a-00d73bb7f421,47851.687,47852.234,47875.953,200
d38fe268-918b-4634-81c5-7b1f84c96d38,47875.953,47876.609,47900.703,200
2973a65c-bb8b-46fd-a8a1-557b14913b8a,47900.703,47901.343,47918.125,200
25e22052-4de9-451d-a159-fe4b8312e8ca,47686.89,47687.609,47709.828,200
4514eab9-9126-4474-9ab3-a582ab63eada,47709.875,47710.203,47733.078,200
bdeba7d5-900b-40e6-a709-7585f5568ac8,47733.078,47733.406,47756.187,200
fd6b54d2-dd5e-4e30-b3c8-ac7a825837d7,47756.218,47756.671,47779.906,200
fb137531-d924-4f58-9cb2-8149e4e10f6e,47779.921,47780.484,47803.64,200
5d39779b-6c05-42b5-9abb-61f789ffec77,47803.671,47804.234,47827.64,200
e4311923-2aae-428b-9a6c-4c857b8950d7,47827.656,47828.234,47851.671,200
df22e874-dada-4cbf-9795-51111a549bf8,47851.687,47852.234,47875.937,200
d92e379e-28a9-4e2e-8130-c9d529226b8b,47875.953,47876.609,47900.687,200
ec62fe15-5337-4dea-98c3-8325b1a7bc99,47900.703,47901.343,47918.125,200
9b312c33-7828-453b-8747-6d6225a6408e,47686.89,47687.625,47709.843,200
84f084ee-611e-4e83-9a51-4777f67800ab,47709.89,47710.203,47733.078,200
95f6d926-bae8-4994-b19f-1ddfb736fa8d,47733.078,47733.406,47756.218,200
ef7979e5-9b29-47e0-8b86-079b8e3516bd,47756.218,47756.671,47779.906,200
aaaffb06-c649-4d78-ace5-0dfbd43f4b55,47779.921,47780.484,47803.656,200
b196bcdd-2964-426a-99aa-7faf4f8fd72c,47803.671,47804.234,47827.64,200
55aa95ee-226d-483a-8c64-8f874e8c1c7c,47827.656,47828.234,47851.671,200
74fe071b-481f-4c46-869f-c6bdbe9e9a7a,47851.687,47852.234,47875.937,200
1a2c91a4-3596-4fb4-8334-76889234a136,47875.953,47876.609,47900.671,200
a15e93c8-4871-4919-9377-10cdb8e89d33,47900.703,47901.343,47918.125,200
d0620162-a6af-4312-9bde-854dcd46b4b7,47686.906,47687.625,47709.828,200
ae94feb4-017a-469f-afef-95f159e14f5c,47709.875,47710.203,47733.046,200
5891e729-310c-447e-a52e-e9e7c327c122,47733.078,47733.484,47756.406,200
f9c12751-c769-4219-b22f-d83a866e1a3b,47756.406,47756.781,47780.109,200
26e503b0-b16e-4c27-9bb8-4f6ee6538998,47780.109,47780.671,47803.843,200
269580ee-7cd3-4d7c-9e47-ce909a148197,47803.859,47804.437,47827.843,200
40a437fa-ea49-44e4-a717-b9ce4a03424d,47827.843,47828.421,47851.859,200
f5cf87f6-11f8-4eaf-b72e-ce2ae7ddfba6,47851.859,47852.437,47876.125,200
8ed6b9c1-77dc-4c79-ac6c-2d8361c34fdc,47876.125,47876.609,47900.687,200
e6f64729-40ab-4f06-968a-74d0158f967e,47900.703,47901.343,47918.125,200
356738d0-1832-45bc-8d7c-7ed6bb77313b,47686.89,47687.609,47709.828,200
cbd1351c-9db0-4a9d-b69c-a60c3c2766bd,47709.875,47710.203,47733.078,200
815f3866-5b49-446e-9eff-357ba373c332,47733.078,47733.484,47756.406,200
5086b842-3088-4353-b087-1faf39f5fa55,47756.406,47756.781,47780.093,200
391c4ec5-2401-416e-a725-8271bc3316d2,47780.109,47780.671,47803.843,200
8108e1b6-bc13-400a-800a-1b34146431bb,47803.859,47804.437,47827.843,200
eaba7415-1673-42db-a13f-eed1d49257b4,47827.843,47828.421,47851.859,200
1a53d098-3fe6-44f6-9761-919a79422975,47851.859,47852.437,47876.125,200
5665001c-bbbb-4a17-bf27-9ba9cad1cc2b,47876.125,47876.609,47900.687,200
52eb3ce0-6eac-45c6-8e66-cbee7aec673d,47900.703,47901.343,47918.125,200
e0a21e7f-52e3-4e62-85b0-d511a06a7fc7,47686.89,47687.625,47709.828,200
1a83368b-5aa1-4aa4-ad1a-de6b536417e1,47709.89,47710.203,47733.046,200
b92d10ee-a9bf-4743-aa9c-d405b4ef47a3,47733.078,47733.484,47756.406,200
6b5efc83-5081-4f5f-83fe-071afe922098,47756.406,47756.781,47780.109,200
6069856f-0298-4531-8ba4-c401f86aa2f3,47780.109,47780.671,47803.843,200
f560c1d1-6191-4298-a35f-c73f915b5ae2,47803.859,47804.437,47827.843,200
5adc0806-a900-4d95-a1a5-d3163f8125a5,47827.843,47828.421,47851.656,200
620e9213-7203-4bf7-8f85-f34b173dfc17,47851.687,47852.234,47875.937,200
310601dc-42d3-4109-ad5a-b7372c4df7c7,47875.953,47876.609,47900.687,200
c1392f51-546a-406c-b848-7d5d38413db6,47900.703,47901.343,47918.125,200
159a7c8b-c35f-4225-ad73-c2d8c465a0e8,47686.89,47687.625,47709.828,200
3486ee02-71ad-4876-84df-df3684192789,47709.875,47710.203,47733.078,200
cc49743d-642c-4010-872a-25a53d5db3c7,47733.078,47733.406,47756.187,200
a7e286ca-540e-41b1-9342-523740336d92,47756.218,47756.671,47779.921,200
f79812f9-9fa9-4a53-badd-8c65759371a7,47779.921,47780.484,47803.64,200
8f0b0979-8af9-467b-adfd-9ef587bd7535,47803.671,47804.234,47827.64,200
42b64b0e-37b8-4d7c-a7b2-550246d0ba04,47827.656,47828.234,47851.671,200
c47cf201-0539-4eb2-88d7-2fc5d472ede2,47851.687,47852.234,47875.953,200
5774445b-194f-4e12-a323-c899150526c7,47875.953,47876.609,47900.687,200
b01bd793-5f44-43c3-8f43-17f2611f49f3,47900.703,47901.343,47918.125,200
63da4c7a-3c83-46e4-938e-b41a60356a4b,47686.906,47687.609,47709.828,200
1706853b-02a1-411d-99fe-1cfeb354e7ac,47709.89,47710.203,47733.062,200
e72f845f-7762-4dd9-961f-1ed32a9d621d,47733.078,47733.406,47756.187,200
2fbff1c4-f7ec-4512-9e39-0bcd35ba909f,47756.218,47756.671,47779.906,200
76b1411b-1ae4-49e5-963a-008399c00e9c,47779.921,47780.484,47803.64,200
b8376a62-cd8d-4015-9ebd-832ae1abdc7d,47803.671,47804.234,47827.64,200
4afac2d6-4138-4bc7-823b-c56843cdc50e,47827.656,47828.234,47851.671,200
9e240015-a8ad-47a0-9133-047f47a3bc5f,47851.687,47852.234,47875.953,200
7e92378e-b777-4040-b85b-ce2649ef8c1b,47875.953,47876.609,47900.687,200
ebcea6b3-dedf-4f92-ba0a-4b03b4581492,47900.703,47901.343,47918.125,200
626366de-c577-46ba-8b91-2b466b40d4fe,47686.89,47687.609,47709.828,200
283c6a7c-3904-4694-a63b-a0c4ca0f8671,47709.875,47710.203,47733.078,200
f0985335-5eec-4f34-ad6a-563a79148347,47733.078,47733.484,47756.406,200
5031b63c-5d6b-484f-9585-129e7580aba4,47756.406,47756.781,47780.109,200
d59f20fc-d51f-447b-b2f6-721824da47f5,47780.109,47780.671,47803.843,200
5e61d29c-6328-4724-bfc3-59aefdfb839d,47803.859,47804.437,47827.843,200
9fc995f1-51f0-4f10-a77f-ab9ae2f101f9,47827.843,47828.421,47851.859,200
0bc12b8f-0328-412e-ad78-a0efba1a3caa,47851.859,47852.437,47876.125,200
bee307ed-a169-4b06-b079-19f7a5fea327,47876.125,47876.609,47900.687,200
857ddaa0-2004-4b28-85fd-f894ef4e9fcc,47900.703,47901.343,47918.125,200
024aeeaf-8150-475f-b80d-bd14a980aa2d,47686.89,47687.39,47709.828,200
e8abe2da-d7bf-479a-90b9-4bcce3eb50de,47709.875,47710.203,47733.078,200
74af36ee-e4e1-4f39-af7b-46a1b3446d17,47733.078,47733.406,47756.187,200
9072e17d-7f99-4360-b265-fb9ffdedd18c,47756.218,47756.671,47779.921,200
3ea3960f-c425-4287-b538-c147e7bea5cf,47779.921,47780.484,47803.64,200
51abbedd-f439-491b-b282-77755792f760,47803.671,47804.234,47827.64,200
6af15862-b984-42f5-a9c8-3d6cc1c3cf2a,47827.656,47828.234,47851.671,200
cbf286bd-d757-4643-adc7-1761f1bdb8d6,47851.687,47852.234,47875.937,200
951d1c25-64f4-4bf5-ab78-c033df7c6f08,47875.953,47876.609,47900.687,200
348bfcfa-8fc4-422e-b84f-948bb19a312b,47900.703,47901.343,47918.125,200
7b7b9bdd-83e9-4197-8d50-d759680ec405,47686.89,47687.609,47709.828,200
accecac7-23b7-48de-b549-72a5fbdbfe88,47709.89,47710.312,47733.062,200
1b2ab0d5-8bb7-4614-9c21-73c7304f070f,47733.078,47733.484,47756.406,200
1938729b-26fe-4f85-85fd-d30f35ec9f9e,47756.406,47756.781,47780.109,200
e2fd5c7b-f603-4060-8571-86a7e9d01e9e,47780.109,47780.671,47803.843,200
968b5e86-ccd7-4ce6-b80b-fb14b34965d6,47803.859,47804.437,47827.843,200
0d73d63b-2968-41d6-b8e5-dfec1ddaa518,47827.843,47828.421,47851.859,200
66651088-7150-430b-a854-26f6b86f03df,47851.859,47852.437,47876.125,200
8f3e90dd-8894-40b3-8f74-af03474e988b,47876.125,47876.609,47900.687,200
54a03cb7-ea07-4cc8-b4dc-ab6c68b09a7d,47900.703,47901.343,47918.125,200
834aa50e-9def-4482-9e96-65da1382333d,47686.89,47687.609,47709.828,200
e03ef71e-2e85-46f8-b810-4a0614d77053,47709.875,47710.203,47733.078,200
5f74cbaa-a1c9-42d6-b805-cd56a8e87bc2,47733.078,47733.406,47756.203,200
aec222d2-9369-42fc-908e-2ddbe561e70f,47756.218,47756.671,47779.921,200
d5a95e9f-f0ab-4b9b-8dce-52692326d810,47779.921,47780.484,47803.64,200
8790ce0b-41f4-4cd1-a4ca-0dce8226c487,47803.671,47804.234,47827.656,200
274af2bd-04ea-4fc0-94aa-aa44f06225bf,47827.656,47828.234,47851.671,200
42e42351-0046-41e4-a1a1-d74435f295ba,47851.687,47852.234,47875.937,200
4eea2357-7b6c-411f-a18a-59be58500691,47875.953,47876.609,47900.687,200
06c35a8f-d7f8-4683-b014-00f03d1c6435,47900.703,47901.343,47918.125,200
a8d17829-01cd-46f0-9513-9b19b2bebe28,47686.921,47687.625,47709.828,200
ceacb9d2-3d56-44fd-ade1-d468a193157c,47709.875,47710.203,47733.062,200
4675b74d-547f-49a8-949a-06a1c394b44b,47733.078,47733.406,47756.203,200
04b6989c-57cb-4da5-9c86-db64f7598545,47756.218,47756.671,47779.906,200
2ecfa408-793b-41ea-b166-c4253a94bdb8,47779.906,47780.484,47803.656,200
c39780a9-dd15-4f3e-ab46-b1a9fa255ccf,47803.671,47804.234,47827.64,200
8e77a17a-1943-48a7-a31b-2ccf082992c1,47827.656,47828.234,47851.671,200
19ca8c87-4122-4b34-b8c4-994d3d4c3d32,47851.687,47852.234,47875.953,200
b110047c-7fb9-4e2f-aeb8-6d4a92370150,47875.953,47876.609,47900.687,200
3c0a13ef-e968-4f6d-9b54-4b17a4be0124,47900.703,47901.343,47918.125,200
90328057-b6b6-44f1-8ebc-229d7f58bbca,47686.89,47687.609,47709.828,200
2a58d6cc-398d-4f79-a967-4900b9cba0ff,47709.875,47710.203,47733.078,200
27b97535-7eba-493f-b358-915b96f32970,47733.078,47733.406,47756.187,200
db83a6e1-271d-4c50-a5e2-47bd06f1bf98,47756.218,47756.671,47779.89,200
a2abce8a-978d-43f6-9145-87ecc38229ee,47779.921,47780.484,47803.656,200
8621d8f8-4822-4147-8ec9-a8469e339833,47803.671,47804.234,47827.656,200
e0714bfd-fd03-4399-94fb-18fb26f4f531,47827.656,47828.234,47851.687,200
8162ce95-4ce9-480a-8f4f-c036b9538d7a,47851.687,47852.234,47875.953,200
31bcc046-c6e6-4064-95f7-de65bcbefe2e,47875.953,47876.609,47900.687,200
4fa9e60c-b31f-4c95-89ca-102f3d5ab678,47900.703,47901.343,47918.125,200
25f244b5-9527-4f1b-8af9-a3fa418d2a18,47686.89,47687.609,47709.843,200
b4f5d7ce-9965-449d-b380-9581bf5f1c5d,47709.89,47710.312,47733.156,200
e8da1f03-ee8b-4537-aaaf-bd19ead57e1b,47733.187,47733.734,47756.593,200
1b4ed6b7-bc04-4e77-bee3-9f33046f47f2,47756.609,47756.953,47780.484,200
c5c71ecd-8baa-4d95-a93d-63433e3c7019,47780.484,47780.953,47804.234,200
ea542b0d-d209-41b9-b71e-0e39ee0f49e8,47804.234,47804.656,47828.234,200
dc0112a8-73af-4d51-a295-edbe75e7af82,47828.234,47828.75,47852.234,200
e13c689a-f81b-48cb-a85e-0facbf5a32b3,47852.25,47852.796,47876.609,200
4402128f-779e-4b71-8ae8-a7cc9654f2be,47876.609,47877.265,47901.343,200
7f938ae9-8e18-46af-ac97-7543a3a9e1f0,47901.343,47901.828,47918.296,200
ba4c4cee-9df3-47a9-945a-b0b344160cc0,47686.89,47687.625,47709.828,200
b53c371a-a238-48df-99ff-156f554a9b96,47709.89,47710.312,47733.171,200
6590f19c-69eb-4b15-a78d-b6df9afa9e74,47733.187,47733.734,47756.593,200
7c177969-bd12-429f-b3c3-8f09e9445fb4,47756.609,47756.953,47780.484,200
61e77c14-c094-4cd1-91a3-03ab2c639061,47780.484,47780.968,47804.234,200
38524cff-66a9-47f7-b23b-17ee21be8c47,47804.234,47804.656,47828.234,200
1103172d-7cbf-41ba-9968-b71db0c09891,47828.234,47828.75,47852.234,200
69932cc5-6df2-458d-9dbc-76d3f005fa91,47852.25,47852.796,47876.609,200
ea4628f1-2b90-498d-bea1-b660b81bba78,47876.609,47877.265,47901.343,200
b523f3dc-e367-4c47-8f3e-b224477d17cb,47901.343,47901.843,47918.296,200
ae3a9a2a-7d5d-498e-954b-c4fb687f8fa3,47686.89,47687.625,47709.828,200
5983ba0c-01fe-41a8-a94b-5c86ceaed799,47709.89,47710.312,47733.156,200
64b479b5-188e-4926-a1bc-9d599ae2ec45,47733.187,47733.734,47756.593,200
e3da5cf8-9ab1-4b41-a8e5-4d9567a49414,47756.593,47756.953,47780.484,200
1eede7d3-a82b-45f1-adca-02b6278b60bb,47780.484,47780.968,47804.234,200
2cd78a32-1bda-4622-b66c-7510f447a249,47804.234,47804.656,47828.234,200
b2cc7fe6-01b4-4e9d-90ac-7362b3186eb3,47828.234,47828.75,47852.234,200
23ea0af3-485f-48f6-8415-3d6d6dcadb81,47852.25,47852.796,47876.609,200
fdc8e67c-7688-46fb-8d19-1caa2885b900,47876.625,47877.265,47901.343,200
21f582d0-ee8e-4d0d-a580-60b624fda6b6,47901.343,47901.828,47918.296,200
12f1ef0e-5f07-4695-b870-da05412ad17c,47686.89,47687.625,47709.859,200
90c8910d-747f-4924-afee-a85acbbb751a,47709.906,47710.312,47733.171,200
47317504-77f4-46fc-9572-8a4a637ba24c,47733.203,47733.734,47756.593,200
08a678d9-4142-4c7e-9e92-961426d5128b,47756.625,47757.078,47780.671,200
7779cd21-e264-41a9-a8d6-f31f6eb90dd3,47780.703,47781.093,47804.437,200
6444c6db-1633-4f74-9bd9-461e172d7b28,47804.453,47804.937,47828.64,200
da3a1bfc-cf31-4ce4-8ddc-4f4580f5b628,47828.64,47829.0,47852.609,200
e576dc63-81d1-4c73-9b2a-86a4641fb896,47852.625,47853.062,47876.984,200
ec714986-498f-42be-8b6a-dc180d3c596b,47877.0,47877.406,47901.5,200
926e1f58-e226-46c1-9fca-d880d32048db,47901.515,47901.953,47918.328,200
5f148547-4b4d-4004-bf28-7abfaa284b40,47686.89,47687.625,47709.843,200
577391f5-d599-4380-9fe9-7be459ad98f3,47709.89,47710.312,47733.156,200
5e26d901-9677-462e-b881-2b546ea23909,47733.203,47733.734,47756.593,200
23549aad-eecf-4a8d-9643-6d78274e52cb,47756.625,47757.078,47780.671,200
49fa6805-aa4f-40da-b4c9-ecc4c69fcd09,47780.718,47781.093,47804.453,200
3bd06a67-b32a-4066-a2cd-f7f58cb6078f,47804.453,47804.937,47828.625,200
445c871c-0366-422d-a765-ee7970bf3125,47828.64,47829.0,47852.625,200
d9c70527-0f0e-4903-9f40-fbd2984cab46,47852.625,47853.062,47876.984,200
718b12bf-b36b-43ce-8d39-8fdc4e8767b8,47877.0,47877.406,47901.5,200
af7cb5e4-d66c-4533-9135-c9e89d541a44,47901.515,47901.953,47918.328,200
2e213e5d-577e-4c64-986c-91e138592fd1,47686.89,47687.625,47709.828,200
ced8a024-6f04-4ef3-b0a9-976481e1000d,47709.89,47710.312,47733.156,200
7e6c1252-68d8-486e-86e8-2c6cab30f17f,47733.203,47733.734,47756.578,200
d85c2d6e-d8a3-40c2-8881-8b4c4a4a4fec,47756.625,47757.078,47780.671,200
28f3063d-a284-4bfd-85d5-2f3033e7ca37,47780.718,47781.093,47804.437,200
619f3a15-ebb7-4f9b-8286-849ff2424ce8,47804.453,47804.937,47828.625,200
e3d932f9-f6cd-493f-9574-e2e50fc413ab,47828.64,47829.0,47852.609,200
598179a2-baf7-42d5-9557-1f3c2cb03c3c,47852.625,47853.062,47876.968,200
0b364c13-d2b3-46fd-8b34-71c956ae7845,47877.0,47877.406,47901.5,200
4b3544f1-f60e-4f51-84e1-e4843e261845,47901.515,47901.953,47918.328,200
ce996aa5-0316-48ea-a6c4-4a494955090d,47686.89,47687.609,47709.828,200
53d7eb4f-778c-4411-ad59-25cc804bcb84,47709.89,47710.312,47733.171,200
343411e6-18bc-47e6-9d6b-b433b87a747e,47733.187,47733.734,47756.593,200
4c493507-1892-4cbe-b368-3d426b4ad212,47756.625,47757.078,47780.671,200
c82fb7fa-781d-4894-958a-4ab2d6609187,47780.703,47781.093,47804.437,200
378483aa-96f5-4945-bd43-caf612900937,47804.453,47804.921,47828.625,200
146cdca7-6196-41f8-914f-ab2b5456ba66,47828.64,47829.0,47852.625,200
2b9b929c-c5e0-4b8d-8f5f-c5a8e7db66e6,47852.625,47853.062,47876.984,200
01184308-b50f-45fa-ba49-7c79d0a99334,47877.0,47877.406,47901.5,200
34f90e34-f1fe-4efb-9dd8-77422f76bdb5,47901.515,47901.953,47918.328,200
2306d154-4be3-497e-9746-3c9c88c2bb71,47686.89,47687.625,47709.828,200
398a6c74-c259-4448-a91c-e216e7893346,47709.89,47710.312,47733.187,200
97a775d6-f04c-4d91-994f-6787982d057d,47733.203,47733.734,47756.593,200
1394ea23-54dc-45fb-9558-dabb14d1108e,47756.625,47757.078,47780.687,200
96a4a13e-3eb0-44d7-907d-760bbef7897b,47780.718,47781.093,47804.453,200
f3e2a114-6ea1-4307-8809-0b25cfb306dc,47804.453,47804.921,47828.625,200
cb842e80-fb92-4f0e-a641-ca6f0a1831c2,47828.64,47829.0,47852.625,200
5c5734d2-8930-4b17-a8bd-a561acad5ddd,47852.625,47853.062,47876.984,200
3fd23728-9e13-4125-87ef-fe0e94f3d08a,47877.0,47877.406,47901.5,200
403fd29e-542e-490c-9828-5796fc422570,47901.515,47901.953,47918.328,200
544c9875-106c-4106-9bed-d7831118eb21,47686.89,47687.609,47709.828,200
96bb85f5-7291-4767-a777-adf02126cca6,47709.89,47710.312,47733.156,200
83e3f275-f7fe-4865-b94f-a576ce2d15c6,47733.187,47733.734,47756.593,200
1dd81994-488a-4ed1-bba0-33a04ab5f8db,47756.625,47757.078,47780.671,200
418132f9-9444-483b-9717-c9cddb399a57,47780.703,47781.093,47804.437,200
9a3c04c9-af70-44df-a904-3d095a9ea3cd,47804.453,47804.921,47828.625,200
5c709839-86b4-48c8-aaea-47a0d1f07545,47828.64,47829.0,47852.625,200
d13c1bf3-1d6a-42b2-ad65-58798e7a14fa,47852.625,47853.062,47876.984,200
23bf752b-3338-4c81-ba42-c1692d1d6c57,47877.0,47877.406,47901.5,200
a6ae4f0e-f2ff-4df9-9a80-b6ca7ad1f780,47901.515,47901.953,47918.328,200
33229a77-3299-420c-b652-a5554e180592,47686.89,47687.625,47709.828,200
67a1a6ad-d220-400b-90e0-5a9285a6451c,47709.89,47710.312,47733.187,200
89b7801c-8f83-4e1d-ab12-f4169b722cf1,47733.203,47733.734,47756.593,200
544d1b4c-9d79-4ff2-b888-7faeb3ada6ff,47756.64,47757.078,47780.671,200
14f4cb42-1391-4b72-867a-5f719e182c1a,47780.703,47781.093,47804.437,200
50380487-7567-4356-aa4e-7ab00032f8fc,47804.453,47804.921,47828.625,200
57ee1575-fee6-4099-bd66-73c505393e9c,47828.64,47829.234,47852.796,200
7523a07b-6a07-44a4-a9fe-465392f81eb5,47852.812,47853.312,47877.265,200
d631f46c-4e32-47ea-8956-becebc073a9f,47877.281,47877.718,47901.828,200
a5d56752-823b-40c1-acc5-9fc03c7cb911,47901.843,47902.25,47918.421,200
c3f1c152-2d53-46c3-b5d0-8cc8997896cd,47686.89,47687.625,47709.828,200
dc68ec61-f641-451e-bdf0-52a50b8d784b,47709.89,47710.312,47733.156,200
5b2654f3-292c-4a48-9c2e-78ce6b9adf57,47733.187,47733.734,47756.593,200
35914422-c918-49cf-8689-8fb26eaa88a0,47756.625,47757.078,47780.671,200
94107838-ef91-4220-a603-9ba868a5863e,47780.718,47781.093,47804.437,200
2119c750-98c0-409f-a8e5-ded41ab74846,47804.453,47804.921,47828.64,200
2d8d799b-eff9-4e52-b1d2-049296af5557,47828.64,47829.234,47852.796,200
851073ae-109d-4b72-8ec8-fa8d99601dc3,47852.812,47853.312,47877.265,200
17a328df-2395-43d7-88b4-a50b825b24d1,47877.265,47877.718,47901.843,200
1a2f582e-913d-46e7-80aa-291367641e8a,47901.843,47902.25,47918.421,200
23281169-3c71-4f58-bdf2-c4daa9b2ffdc,47686.89,47687.625,47709.859,200
e2880c7b-bf9c-403e-96c6-cfb58b4d8db8,47709.906,47710.312,47733.187,200
6579fc77-ea34-4d75-8234-c2a6feaae236,47733.187,47733.734,47756.593,200
da6dcbb7-0d73-458c-8cd7-695fee90bc8a,47756.625,47757.078,47780.671,200
2d9c684b-6a25-45f7-b353-619e88ab6c06,47780.703,47781.093,47804.437,200
b23b10d7-777e-41b7-b3e6-e3c75b38cb44,47804.453,47804.937,47828.625,200
3c8a6b5c-d220-4247-88a6-d91b93999805,47828.64,47829.234,47852.796,200
03de1b39-98e1-4401-845a-a3ae88d92678,47852.812,47853.312,47877.265,200
99d4f73a-a15c-4f26-adf9-d202572629da,47877.281,47877.718,47901.828,200
7e1b11a0-7cef-4960-8f80-1c541f8c6dee,47901.843,47902.25,47918.421,200
3c1681cd-9152-4800-8aad-36c93d5fd0f0,47686.89,47687.625,47709.828,200
72500b77-2967-4c83-b314-d371b31bc6d7,47709.89,47710.312,47733.171,200
20610a8e-d1ed-4fa5-812e-98dfc82ca74b,47733.187,47733.734,47756.593,200
13b2138c-e060-414f-bb84-6529f4b14a3e,47756.625,47757.078,47780.671,200
761ba5e2-acc1-4d07-b1f6-ee1c2f61c1fa,47780.703,47781.093,47804.437,200
7dd39436-aba9-463e-98bb-7603f5bbec2c,47804.453,47804.937,47828.625,200
9e7953d4-3b44-456d-8850-46bfe2c1ac3d,47828.64,47829.234,47852.812,200
66277d5a-2b5d-44f6-82c7-ad904168688b,47852.812,47853.312,47877.265,200
165b6829-bda8-45f4-b613-c8f6c61e8848,47877.281,47877.718,47901.828,200
e7ad2a37-fa88-4c24-b932-a6e67344c0fa,47901.843,47902.25,47918.421,200
0a5753c2-c7e4-42e7-a6bd-2dfdbd49d074,47686.89,47687.39,47709.828,200
30107809-d031-4671-867a-0a3c8aee9580,47709.906,47710.312,47733.156,200
76674d0a-9c0d-49e4-bdee-60b91dc813b5,47733.187,47733.734,47756.593,200
0a9ac985-bc1b-48f8-bc3a-948fc60d8959,47756.64,47757.078,47780.671,200
e43bea3d-3b4e-4d5a-98a3-79b1dde3c870,47780.703,47781.093,47804.437,200
7b8daac8-8c4b-4705-95b7-4cbb086b97e1,47804.453,47804.921,47828.625,200
1dd965f2-5c8b-4cac-8284-8b3eeedd8c67,47828.64,47829.234,47852.796,200
b68ad1b1-08dc-4383-a06b-57f76296e706,47852.812,47853.312,47877.265,200
21ef30e6-a589-42dd-82fe-12c1b4705fc7,47877.265,47877.718,47901.828,200
f469c5f0-87cf-49b4-9ae4-2ae56d058d38,47901.843,47902.25,47918.421,200
9667e732-833b-4b3b-bc75-a059a1656b55,47686.89,47687.609,47709.828,200
c811d7d1-a549-458f-b761-0401cdd62f03,47709.89,47710.312,47733.171,200
ddba8078-e64a-465d-9ab5-f8af68dc1ded,47733.187,47733.734,47756.593,200
0d1269e3-6741-4f55-86b0-dc2e9386658b,47756.625,47757.078,47780.671,200
d0ab3c35-dd2a-4bcc-9345-01e6f7cd29c2,47780.718,47781.093,47804.437,200
de4f0ded-35e9-48c4-b6ed-86b95dc1218a,47804.453,47804.937,47828.625,200
890b901e-1449-42ca-91d2-849b8bbcf4de,47828.64,47829.234,47852.796,200
04d1f3dc-3d12-4b91-8527-795d5ec38f6c,47852.812,47853.312,47877.265,200
518e9135-ef7b-4a1f-9b2f-5b132aaee7a0,47877.265,47877.718,47901.828,200
f19a20cc-e7f2-438b-af89-0dc0a31b7c97,47901.843,47902.25,47918.421,200
844978b2-1652-4d57-b24e-f3ed58567ae8,47686.921,47687.625,47709.843,200
4971c5bb-92d5-4c4a-9772-b5e48deea73d,47709.89,47710.312,47733.187,200
e3528951-e39a-487a-a7d2-b78f995bc884,47733.203,47733.734,47756.593,200
ee673a16-2326-4fce-8ec1-08887bedeb3a,47756.625,47757.078,47780.671,200
26cd0ec6-b3c3-4020-863b-2329733cd618,47780.703,47781.093,47804.437,200
e7a48436-7e78-42a8-b747-5486d4300cc7,47804.453,47804.921,47828.625,200
91374aee-daeb-492d-88a7-30986008dfee,47828.64,47829.234,47852.796,200
f499393e-613f-4ba2-9cc1-81c1b42c93ed,47852.812,47853.312,47877.265,200
606ad20d-2f13-4e95-a949-8393d67bd5c6,47877.281,47877.718,47901.828,200
9563e1ed-1245-4dac-b0dc-74ef1e8934bd,47901.843,47902.25,47918.421,200
799436a3-0b19-48f7-b6e0-779252e4fc23,47686.89,47687.625,47709.828,200
c3c19c0b-a1dc-4b83-afc6-184490ad68a2,47709.906,47710.312,47733.171,200
84ec5e6a-47e4-4f59-a73b-66cccc3f12ad,47733.187,47733.734,47756.593,200
c79b4a20-bf1e-4ed9-90ab-cfc977660e77,47756.64,47757.078,47780.671,200
86afd289-6f03-4ab8-9b7d-a55500350af9,47780.718,47781.093,47804.437,200
52398a3b-0ae8-47dd-92b3-de5e3831b0ba,47804.453,47804.921,47828.625,200
4972a1b3-8a01-4d3f-b9c4-c569f2e528ea,47828.64,47829.234,47852.796,200
78ec9fe7-57d8-4f6b-a94d-b66005012998,47852.812,47853.312,47877.265,200
9c92f72a-ebcb-4ab2-ba07-7a111f50cf38,47877.281,47877.718,47901.828,200
82dbcbc4-4e55-411a-a7fe-ee614bf552dd,47901.843,47902.25,47918.421,200
43d7a48b-229a-495f-88bf-5d2b42959efe,47686.89,47687.609,47709.828,200
58a437eb-988f-45c1-a29e-ee8b4461193c,47709.89,47710.312,47733.171,200
ebc12914-35ab-4153-b9e7-fe2a3178e499,47733.187,47733.734,47756.593,200
a30279e8-77ab-4085-949d-01654eb92f5f,47756.625,47757.078,47780.671,200
1551a422-17ba-4f5d-a120-096591f77491,47780.718,47781.093,47804.437,200
153a697e-94e1-4dd0-89d5-a610e1d6d1f9,47804.453,47804.937,47828.625,200
4265fe8b-2090-48d0-afb2-5f631844a57b,47828.64,47829.234,47852.796,200
7e7ee72a-0add-457a-a8f8-48702a1066f7,47852.812,47853.312,47877.265,200
2f8e3096-2d1b-4e78-9645-161386f46bae,47877.281,47877.718,47901.828,200
09eab0e3-228b-4cea-a49a-eebd383f779a,47901.843,47902.25,47918.421,200
